timestamp,P_W
20230101:0009,0.000
20230101:0109,0.000
20230101:0209,0.000
20230101:0309,0.000
20230101:0409,0.000
20230101:0509,0.000
20230101:0609,0.000
20230101:0709,0.000
20230101:0809,1.160
20230101:0909,163.740
20230101:1009,288.650
20230101:1109,370.510
20230101:1209,421.330
20230101:1309,426.040
20230101:1409,424.840
20230101:1509,337.230
20230101:1609,217.780
20230101:1709,126.430
20230101:1809,0.000
20230101:1909,0.000
20230101:2009,0.000
20230101:2109,0.000
20230101:2209,0.000
20230101:2309,0.000
20230102:0009,0.000
20230102:0109,0.000
20230102:0209,0.000
20230102:0309,0.000
20230102:0409,0.000
20230102:0509,0.000
20230102:0609,0.000
20230102:0709,0.000
20230102:0809,0.890
20230102:0909,164.650
20230102:1009,286.190
20230102:1109,370.930
20230102:1209,420.930
20230102:1309,429.930
20230102:1409,414.600
20230102:1509,355.120
20230102:1609,244.870
20230102:1709,137.450
20230102:1809,0.000
20230102:1909,0.000
20230102:2009,0.000
20230102:2109,0.000
20230102:2209,0.000
20230102:2309,0.000
20230103:0009,0.000
20230103:0109,0.000
20230103:0209,0.000
20230103:0309,0.000
20230103:0409,0.000
20230103:0509,0.000
20230103:0609,0.000
20230103:0709,0.000
20230103:0809,1.150
20230103:0909,163.750
20230103:1009,291.700
20230103:1109,373.920
20230103:1209,422.470
20230103:1309,421.160
20230103:1409,417.100
20230103:1509,367.400
20230103:1609,212.050
20230103:1709,140.760
20230103:1809,0.000
20230103:1909,0.000
20230103:2009,0.000
20230103:2109,0.000
20230103:2209,0.000
20230103:2309,0.000
20230104:0009,0.000
20230104:0109,0.000
20230104:0209,0.000
20230104:0309,0.000
20230104:0409,0.000
20230104:0509,0.000
20230104:0609,0.000
20230104:0709,0.000
20230104:0809,0.880
20230104:0909,168.370
20230104:1009,245.530
20230104:1109,363.140
20230104:1209,431.080
20230104:1309,442.490
20230104:1409,421.970
20230104:1509,369.760
20230104:1609,281.020
20230104:1709,148.760
20230104:1809,0.000
20230104:1909,0.000
20230104:2009,0.000
20230104:2109,0.000
20230104:2209,0.000
20230104:2309,0.000
20230105:0009,0.000
20230105:0109,0.000
20230105:0209,0.000
20230105:0309,0.000
20230105:0409,0.000
20230105:0509,0.000
20230105:0609,0.000
20230105:0709,0.000
20230105:0809,0.880
20230105:0909,169.850
20230105:1009,290.650
20230105:1109,385.470
20230105:1209,432.780
20230105:1309,441.160
20230105:1409,432.850
20230105:1509,375.080
20230105:1609,281.990
20230105:1709,159.380
20230105:1809,0.000
20230105:1909,0.000
20230105:2009,0.000
20230105:2109,0.000
20230105:2209,0.000
20230105:2309,0.000
20230106:0009,0.000
20230106:0109,0.000
20230106:0209,0.000
20230106:0309,0.000
20230106:0409,0.000
20230106:0509,0.000
20230106:0609,0.000
20230106:0709,0.000
20230106:0809,0.890
20230106:0909,146.840
20230106:1009,224.400
20230106:1109,325.610
20230106:1209,431.290
20230106:1309,446.890
20230106:1409,427.570
20230106:1509,376.890
20230106:1609,286.280
20230106:1709,160.580
20230106:1809,0.000
20230106:1909,0.000
20230106:2009,0.000
20230106:2109,0.000
20230106:2209,0.000
20230106:2309,0.000
20230107:0009,0.000
20230107:0109,0.000
20230107:0209,0.000
20230107:0309,0.000
20230107:0409,0.000
20230107:0509,0.000
20230107:0609,0.000
20230107:0709,0.000
20230107:0809,0.890
20230107:0909,106.040
20230107:1009,281.220
20230107:1109,312.400
20230107:1209,331.180
20230107:1309,384.370
20230107:1409,383.920
20230107:1509,371.030
20230107:1609,272.110
20230107:1709,156.530
20230107:1809,0.000
20230107:1909,0.000
20230107:2009,0.000
20230107:2109,0.000
20230107:2209,0.000
20230107:2309,0.000
20230108:0009,0.000
20230108:0109,0.000
20230108:0209,0.000
20230108:0309,0.000
20230108:0409,0.000
20230108:0509,0.000
20230108:0609,0.000
20230108:0709,0.000
20230108:0809,0.390
20230108:0909,159.190
20230108:1009,228.790
20230108:1109,386.230
20230108:1209,434.620
20230108:1309,450.440
20230108:1409,434.540
20230108:1509,380.380
20230108:1609,294.400
20230108:1709,101.900
20230108:1809,0.000
20230108:1909,0.000
20230108:2009,0.000
20230108:2109,0.000
20230108:2209,0.000
20230108:2309,0.000
20230109:0009,0.000
20230109:0109,0.000
20230109:0209,0.000
20230109:0309,0.000
20230109:0409,0.000
20230109:0509,0.000
20230109:0609,0.000
20230109:0709,0.000
20230109:0809,0.170
20230109:0909,123.260
20230109:1009,141.080
20230109:1109,281.020
20230109:1209,337.870
20230109:1309,348.370
20230109:1409,382.630
20230109:1509,328.700
20230109:1609,288.150
20230109:1709,168.240
20230109:1809,0.000
20230109:1909,0.000
20230109:2009,0.000
20230109:2109,0.000
20230109:2209,0.000
20230109:2309,0.000
20230110:0009,0.000
20230110:0109,0.000
20230110:0209,0.000
20230110:0309,0.000
20230110:0409,0.000
20230110:0509,0.000
20230110:0609,0.000
20230110:0709,0.000
20230110:0809,0.000
20230110:0909,153.190
20230110:1009,119.320
20230110:1109,122.590
20230110:1209,139.520
20230110:1309,135.830
20230110:1409,101.510
20230110:1509,143.360
20230110:1609,72.530
20230110:1709,112.920
20230110:1809,0.000
20230110:1909,0.000
20230110:2009,0.000
20230110:2109,0.000
20230110:2209,0.000
20230110:2309,0.000
20230111:0009,0.000
20230111:0109,0.000
20230111:0209,0.000
20230111:0309,0.000
20230111:0409,0.000
20230111:0509,0.000
20230111:0609,0.000
20230111:0709,0.000
20230111:0809,0.000
20230111:0909,51.600
20230111:1009,271.010
20230111:1109,178.860
20230111:1209,326.620
20230111:1309,273.730
20230111:1409,352.160
20230111:1509,236.290
20230111:1609,183.300
20230111:1709,134.860
20230111:1809,0.000
20230111:1909,0.000
20230111:2009,0.000
20230111:2109,0.000
20230111:2209,0.000
20230111:2309,0.000
20230112:0009,0.000
20230112:0109,0.000
20230112:0209,0.000
20230112:0309,0.000
20230112:0409,0.000
20230112:0509,0.000
20230112:0609,0.000
20230112:0709,0.000
20230112:0809,0.000
20230112:0909,102.860
20230112:1009,16.880
20230112:1109,134.240
20230112:1209,99.990
20230112:1309,258.410
20230112:1409,173.810
20230112:1509,190.940
20230112:1609,78.310
20230112:1709,42.100
20230112:1809,0.000
20230112:1909,0.000
20230112:2009,0.000
20230112:2109,0.000
20230112:2209,0.000
20230112:2309,0.000
20230113:0009,0.000
20230113:0109,0.000
20230113:0209,0.000
20230113:0309,0.000
20230113:0409,0.000
20230113:0509,0.000
20230113:0609,0.000
20230113:0709,0.000
20230113:0809,0.710
20230113:0909,100.540
20230113:1009,50.330
20230113:1109,143.180
20230113:1209,44.250
20230113:1309,283.040
20230113:1409,260.300
20230113:1509,320.630
20230113:1609,270.730
20230113:1709,61.700
20230113:1809,0.000
20230113:1909,0.000
20230113:2009,0.000
20230113:2109,0.000
20230113:2209,0.000
20230113:2309,0.000
20230114:0009,0.000
20230114:0109,0.000
20230114:0209,0.000
20230114:0309,0.000
20230114:0409,0.000
20230114:0509,0.000
20230114:0609,0.000
20230114:0709,0.000
20230114:0809,0.450
20230114:0909,164.050
20230114:1009,296.780
20230114:1109,386.750
20230114:1209,433.880
20230114:1309,451.800
20230114:1409,435.530
20230114:1509,388.040
20230114:1609,296.530
20230114:1709,174.140
20230114:1809,0.860
20230114:1909,0.000
20230114:2009,0.000
20230114:2109,0.000
20230114:2209,0.000
20230114:2309,0.000
20230115:0009,0.000
20230115:0109,0.000
20230115:0209,0.000
20230115:0309,0.000
20230115:0409,0.000
20230115:0509,0.000
20230115:0609,0.000
20230115:0709,0.000
20230115:0809,0.460
20230115:0909,153.370
20230115:1009,209.180
20230115:1109,189.790
20230115:1209,253.130
20230115:1309,229.020
20230115:1409,212.590
20230115:1509,201.960
20230115:1609,241.250
20230115:1709,81.480
20230115:1809,0.380
20230115:1909,0.000
20230115:2009,0.000
20230115:2109,0.000
20230115:2209,0.000
20230115:2309,0.000
20230116:0009,0.000
20230116:0109,0.000
20230116:0209,0.000
20230116:0309,0.000
20230116:0409,0.000
20230116:0509,0.000
20230116:0609,0.000
20230116:0709,0.000
20230116:0809,0.000
20230116:0909,29.390
20230116:1009,163.440
20230116:1109,142.870
20230116:1209,250.360
20230116:1309,380.740
20230116:1409,347.570
20230116:1509,367.400
20230116:1609,221.360
20230116:1709,62.620
20230116:1809,0.000
20230116:1909,0.000
20230116:2009,0.000
20230116:2109,0.000
20230116:2209,0.000
20230116:2309,0.000
20230117:0009,0.000
20230117:0109,0.000
20230117:0209,0.000
20230117:0309,0.000
20230117:0409,0.000
20230117:0509,0.000
20230117:0609,0.000
20230117:0709,0.000
20230117:0809,0.000
20230117:0909,30.450
20230117:1009,44.620
20230117:1109,98.860
20230117:1209,342.890
20230117:1309,292.240
20230117:1409,232.740
20230117:1509,229.340
20230117:1609,74.210
20230117:1709,72.940
20230117:1809,2.020
20230117:1909,0.000
20230117:2009,0.000
20230117:2109,0.000
20230117:2209,0.000
20230117:2309,0.000
20230118:0009,0.000
20230118:0109,0.000
20230118:0209,0.000
20230118:0309,0.000
20230118:0409,0.000
20230118:0509,0.000
20230118:0609,0.000
20230118:0709,0.000
20230118:0809,0.010
20230118:0909,40.750
20230118:1009,253.320
20230118:1109,389.990
20230118:1209,225.070
20230118:1309,156.680
20230118:1409,294.720
20230118:1509,107.740
20230118:1609,77.810
20230118:1709,61.570
20230118:1809,1.430
20230118:1909,0.000
20230118:2009,0.000
20230118:2109,0.000
20230118:2209,0.000
20230118:2309,0.000
20230119:0009,0.000
20230119:0109,0.000
20230119:0209,0.000
20230119:0309,0.000
20230119:0409,0.000
20230119:0509,0.000
20230119:0609,0.000
20230119:0709,0.000
20230119:0809,0.220
20230119:0909,52.940
20230119:1009,53.950
20230119:1109,74.530
20230119:1209,189.670
20230119:1309,195.340
20230119:1409,109.610
20230119:1509,170.040
20230119:1609,94.390
20230119:1709,71.650
20230119:1809,0.390
20230119:1909,0.000
20230119:2009,0.000
20230119:2109,0.000
20230119:2209,0.000
20230119:2309,0.000
20230120:0009,0.000
20230120:0109,0.000
20230120:0209,0.000
20230120:0309,0.000
20230120:0409,0.000
20230120:0509,0.000
20230120:0609,0.000
20230120:0709,0.000
20230120:0809,0.000
20230120:0909,25.670
20230120:1009,51.910
20230120:1109,76.330
20230120:1209,201.030
20230120:1309,201.060
20230120:1409,234.460
20230120:1509,203.660
20230120:1609,121.470
20230120:1709,80.090
20230120:1809,3.290
20230120:1909,0.000
20230120:2009,0.000
20230120:2109,0.000
20230120:2209,0.000
20230120:2309,0.000
20230121:0009,0.000
20230121:0109,0.000
20230121:0209,0.000
20230121:0309,0.000
20230121:0409,0.000
20230121:0509,0.000
20230121:0609,0.000
20230121:0709,0.000
20230121:0809,0.460
20230121:0909,44.750
20230121:1009,278.090
20230121:1109,233.270
20230121:1209,81.420
20230121:1309,254.710
20230121:1409,305.560
20230121:1509,147.850
20230121:1609,311.880
20230121:1709,147.130
20230121:1809,3.280
20230121:1909,0.000
20230121:2009,0.000
20230121:2109,0.000
20230121:2209,0.000
20230121:2309,0.000
20230122:0009,0.000
20230122:0109,0.000
20230122:0209,0.000
20230122:0309,0.000
20230122:0409,0.000
20230122:0509,0.000
20230122:0609,0.000
20230122:0709,0.000
20230122:0809,9.680
20230122:0909,95.410
20230122:1009,268.630
20230122:1109,153.000
20230122:1209,202.880
20230122:1309,413.970
20230122:1409,336.040
20230122:1509,346.960
20230122:1609,205.320
20230122:1709,175.540
20230122:1809,4.310
20230122:1909,0.000
20230122:2009,0.000
20230122:2109,0.000
20230122:2209,0.000
20230122:2309,0.000
20230123:0009,0.000
20230123:0109,0.000
20230123:0209,0.000
20230123:0309,0.000
20230123:0409,0.000
20230123:0509,0.000
20230123:0609,0.000
20230123:0709,0.000
20230123:0809,0.710
20230123:0909,101.670
20230123:1009,309.340
20230123:1109,120.730
20230123:1209,182.300
20230123:1309,325.720
20230123:1409,93.240
20230123:1509,232.850
20230123:1609,121.640
20230123:1709,149.730
20230123:1809,5.380
20230123:1909,0.000
20230123:2009,0.000
20230123:2109,0.000
20230123:2209,0.000
20230123:2309,0.000
20230124:0009,0.000
20230124:0109,0.000
20230124:0209,0.000
20230124:0309,0.000
20230124:0409,0.000
20230124:0509,0.000
20230124:0609,0.000
20230124:0709,0.000
20230124:0809,2.550
20230124:0909,48.220
20230124:1009,163.420
20230124:1109,275.650
20230124:1209,260.710
20230124:1309,354.340
20230124:1409,127.070
20230124:1509,140.940
20230124:1609,221.110
20230124:1709,122.780
20230124:1809,5.370
20230124:1909,0.000
20230124:2009,0.000
20230124:2109,0.000
20230124:2209,0.000
20230124:2309,0.000
20230125:0009,0.000
20230125:0109,0.000
20230125:0209,0.000
20230125:0309,0.000
20230125:0409,0.000
20230125:0509,0.000
20230125:0609,0.000
20230125:0709,0.000
20230125:0809,0.990
20230125:0909,21.160
20230125:1009,126.920
20230125:1109,104.140
20230125:1209,224.280
20230125:1309,337.350
20230125:1409,128.820
20230125:1509,376.850
20230125:1609,259.210
20230125:1709,137.210
20230125:1809,6.130
20230125:1909,0.000
20230125:2009,0.000
20230125:2109,0.000
20230125:2209,0.000
20230125:2309,0.000
20230126:0009,0.000
20230126:0109,0.000
20230126:0209,0.000
20230126:0309,0.000
20230126:0409,0.000
20230126:0509,0.000
20230126:0609,0.000
20230126:0709,0.000
20230126:0809,12.840
20230126:0909,130.660
20230126:1009,91.120
20230126:1109,411.790
20230126:1209,174.210
20230126:1309,116.960
20230126:1409,235.930
20230126:1509,400.730
20230126:1609,165.950
20230126:1709,118.840
20230126:1809,7.280
20230126:1909,0.000
20230126:2009,0.000
20230126:2109,0.000
20230126:2209,0.000
20230126:2309,0.000
20230127:0009,0.000
20230127:0109,0.000
20230127:0209,0.000
20230127:0309,0.000
20230127:0409,0.000
20230127:0509,0.000
20230127:0609,0.000
20230127:0709,0.000
20230127:0809,2.770
20230127:0909,187.440
20230127:1009,126.780
20230127:1109,52.230
20230127:1209,436.600
20230127:1309,490.290
20230127:1409,476.320
20230127:1509,424.690
20230127:1609,84.460
20230127:1709,67.220
20230127:1809,7.630
20230127:1909,0.000
20230127:2009,0.000
20230127:2109,0.000
20230127:2209,0.000
20230127:2309,0.000
20230128:0009,0.000
20230128:0109,0.000
20230128:0209,0.000
20230128:0309,0.000
20230128:0409,0.000
20230128:0509,0.000
20230128:0609,0.000
20230128:0709,0.000
20230128:0809,0.230
20230128:0909,139.870
20230128:1009,146.420
20230128:1109,364.200
20230128:1209,200.150
20230128:1309,62.680
20230128:1409,293.320
20230128:1509,363.550
20230128:1609,202.060
20230128:1709,113.730
20230128:1809,6.910
20230128:1909,0.000
20230128:2009,0.000
20230128:2109,0.000
20230128:2209,0.000
20230128:2309,0.000
20230129:0009,0.000
20230129:0109,0.000
20230129:0209,0.000
20230129:0309,0.000
20230129:0409,0.000
20230129:0509,0.000
20230129:0609,0.000
20230129:0709,0.000
20230129:0809,17.280
20230129:0909,127.150
20230129:1009,85.730
20230129:1109,236.180
20230129:1209,386.520
20230129:1309,222.480
20230129:1409,104.390
20230129:1509,184.990
20230129:1609,199.130
20230129:1709,31.370
20230129:1809,7.700
20230129:1909,0.000
20230129:2009,0.000
20230129:2109,0.000
20230129:2209,0.000
20230129:2309,0.000
20230130:0009,0.000
20230130:0109,0.000
20230130:0209,0.000
20230130:0309,0.000
20230130:0409,0.000
20230130:0509,0.000
20230130:0609,0.000
20230130:0709,0.000
20230130:0809,9.810
20230130:0909,130.160
20230130:1009,123.350
20230130:1109,49.650
20230130:1209,99.340
20230130:1309,175.630
20230130:1409,166.090
20230130:1509,136.520
20230130:1609,182.210
20230130:1709,27.060
20230130:1809,8.450
20230130:1909,0.000
20230130:2009,0.000
20230130:2109,0.000
20230130:2209,0.000
20230130:2309,0.000
20230131:0009,0.000
20230131:0109,0.000
20230131:0209,0.000
20230131:0309,0.000
20230131:0409,0.000
20230131:0509,0.000
20230131:0609,0.000
20230131:0709,0.000
20230131:0809,9.980
20230131:0909,35.810
20230131:1009,186.320
20230131:1109,257.240
20230131:1209,139.060
20230131:1309,54.370
20230131:1409,434.660
20230131:1509,327.760
20230131:1609,206.450
20230131:1709,198.580
20230131:1809,9.220
20230131:1909,0.000
20230131:2009,0.000
20230131:2109,0.000
20230131:2209,0.000
20230131:2309,0.000
20230201:0009,0.000
20230201:0109,0.000
20230201:0209,0.000
20230201:0309,0.000
20230201:0409,0.000
20230201:0509,0.000
20230201:0609,0.000
20230201:0709,0.000
20230201:0809,24.310
20230201:0909,39.640
20230201:1009,181.520
20230201:1109,180.650
20230201:1209,104.110
20230201:1309,162.040
20230201:1409,473.680
20230201:1509,410.590
20230201:1609,336.360
20230201:1709,209.690
20230201:1809,8.020
20230201:1909,0.000
20230201:2009,0.000
20230201:2109,0.000
20230201:2209,0.000
20230201:2309,0.000
20230202:0009,0.000
20230202:0109,0.000
20230202:0209,0.000
20230202:0309,0.000
20230202:0409,0.000
20230202:0509,0.000
20230202:0609,0.000
20230202:0709,0.000
20230202:0809,26.760
20230202:0909,182.240
20230202:1009,321.130
20230202:1109,412.870
20230202:1209,474.440
20230202:1309,488.890
20230202:1409,468.880
20230202:1509,422.120
20230202:1609,323.140
20230202:1709,202.280
20230202:1809,9.570
20230202:1909,0.000
20230202:2009,0.000
20230202:2109,0.000
20230202:2209,0.000
20230202:2309,0.000
20230203:0009,0.000
20230203:0109,0.000
20230203:0209,0.000
20230203:0309,0.000
20230203:0409,0.000
20230203:0509,0.000
20230203:0609,0.000
20230203:0709,0.000
20230203:0809,26.450
20230203:0909,173.780
20230203:1009,236.140
20230203:1109,369.790
20230203:1209,464.550
20230203:1309,485.650
20230203:1409,469.950
20230203:1509,410.190
20230203:1609,328.420
20230203:1709,206.840
20230203:1809,9.170
20230203:1909,0.000
20230203:2009,0.000
20230203:2109,0.000
20230203:2209,0.000
20230203:2309,0.000
20230204:0009,0.000
20230204:0109,0.000
20230204:0209,0.000
20230204:0309,0.000
20230204:0409,0.000
20230204:0509,0.000
20230204:0609,0.000
20230204:0709,0.000
20230204:0809,26.090
20230204:0909,144.440
20230204:1009,224.460
20230204:1109,350.670
20230204:1209,366.580
20230204:1309,204.670
20230204:1409,265.670
20230204:1509,275.900
20230204:1609,254.870
20230204:1709,123.970
20230204:1809,9.650
20230204:1909,0.000
20230204:2009,0.000
20230204:2109,0.000
20230204:2209,0.000
20230204:2309,0.000
20230205:0009,0.000
20230205:0109,0.000
20230205:0209,0.000
20230205:0309,0.000
20230205:0409,0.000
20230205:0509,0.000
20230205:0609,0.000
20230205:0709,0.000
20230205:0809,17.850
20230205:0909,188.440
20230205:1009,316.570
20230205:1109,401.470
20230205:1209,464.860
20230205:1309,482.740
20230205:1409,466.780
20230205:1509,422.980
20230205:1609,330.520
20230205:1709,218.640
20230205:1809,59.550
20230205:1909,0.000
20230205:2009,0.000
20230205:2109,0.000
20230205:2209,0.000
20230205:2309,0.000
20230206:0009,0.000
20230206:0109,0.000
20230206:0209,0.000
20230206:0309,0.000
20230206:0409,0.000
20230206:0509,0.000
20230206:0609,0.000
20230206:0709,0.000
20230206:0809,1.880
20230206:0909,164.960
20230206:1009,309.570
20230206:1109,386.690
20230206:1209,459.850
20230206:1309,470.440
20230206:1409,462.880
20230206:1509,384.420
20230206:1609,221.170
20230206:1709,125.650
20230206:1809,56.990
20230206:1909,0.000
20230206:2009,0.000
20230206:2109,0.000
20230206:2209,0.000
20230206:2309,0.000
20230207:0009,0.000
20230207:0109,0.000
20230207:0209,0.000
20230207:0309,0.000
20230207:0409,0.000
20230207:0509,0.000
20230207:0609,0.000
20230207:0709,0.000
20230207:0809,8.050
20230207:0909,192.490
20230207:1009,293.130
20230207:1109,411.750
20230207:1209,224.070
20230207:1309,349.600
20230207:1409,213.460
20230207:1509,356.550
20230207:1609,165.770
20230207:1709,154.420
20230207:1809,65.380
20230207:1909,0.000
20230207:2009,0.000
20230207:2109,0.000
20230207:2209,0.000
20230207:2309,0.000
20230208:0009,0.000
20230208:0109,0.000
20230208:0209,0.000
20230208:0309,0.000
20230208:0409,0.000
20230208:0509,0.000
20230208:0609,0.000
20230208:0709,0.000
20230208:0809,24.300
20230208:0909,80.090
20230208:1009,81.450
20230208:1109,172.630
20230208:1209,194.990
20230208:1309,163.360
20230208:1409,306.860
20230208:1509,209.680
20230208:1609,67.910
20230208:1709,54.390
20230208:1809,27.800
20230208:1909,0.000
20230208:2009,0.000
20230208:2109,0.000
20230208:2209,0.000
20230208:2309,0.000
20230209:0009,0.000
20230209:0109,0.000
20230209:0209,0.000
20230209:0309,0.000
20230209:0409,0.000
20230209:0509,0.000
20230209:0609,0.000
20230209:0709,0.000
20230209:0809,29.760
20230209:0909,92.410
20230209:1009,185.800
20230209:1109,177.050
20230209:1209,247.960
20230209:1309,117.050
20230209:1409,86.590
20230209:1509,230.500
20230209:1609,94.390
20230209:1709,206.350
20230209:1809,40.910
20230209:1909,0.000
20230209:2009,0.000
20230209:2109,0.000
20230209:2209,0.000
20230209:2309,0.000
20230210:0009,0.000
20230210:0109,0.000
20230210:0209,0.000
20230210:0309,0.000
20230210:0409,0.000
20230210:0509,0.000
20230210:0609,0.000
20230210:0709,0.000
20230210:0809,25.840
20230210:0909,180.850
20230210:1009,313.060
20230210:1109,406.640
20230210:1209,209.330
20230210:1309,374.210
20230210:1409,285.100
20230210:1509,267.560
20230210:1609,276.380
20230210:1709,210.520
20230210:1809,66.100
20230210:1909,0.000
20230210:2009,0.000
20230210:2109,0.000
20230210:2209,0.000
20230210:2309,0.000
20230211:0009,0.000
20230211:0109,0.000
20230211:0209,0.000
20230211:0309,0.000
20230211:0409,0.000
20230211:0509,0.000
20230211:0609,0.000
20230211:0709,0.000
20230211:0809,14.010
20230211:0909,65.030
20230211:1009,162.990
20230211:1109,198.570
20230211:1209,157.900
20230211:1309,294.980
20230211:1409,281.330
20230211:1509,325.750
20230211:1609,119.390
20230211:1709,101.800
20230211:1809,9.630
20230211:1909,0.000
20230211:2009,0.000
20230211:2109,0.000
20230211:2209,0.000
20230211:2309,0.000
20230212:0009,0.000
20230212:0109,0.000
20230212:0209,0.000
20230212:0309,0.000
20230212:0409,0.000
20230212:0509,0.000
20230212:0609,0.000
20230212:0709,0.000
20230212:0809,32.150
20230212:0909,182.390
20230212:1009,306.260
20230212:1109,402.500
20230212:1209,458.930
20230212:1309,481.270
20230212:1409,452.900
20230212:1509,431.360
20230212:1609,302.710
20230212:1709,206.930
20230212:1809,57.830
20230212:1909,0.000
20230212:2009,0.000
20230212:2109,0.000
20230212:2209,0.000
20230212:2309,0.000
20230213:0009,0.000
20230213:0109,0.000
20230213:0209,0.000
20230213:0309,0.000
20230213:0409,0.000
20230213:0509,0.000
20230213:0609,0.000
20230213:0709,0.000
20230213:0809,6.530
20230213:0909,60.910
20230213:1009,201.320
20230213:1109,264.440
20230213:1209,332.640
20230213:1309,450.830
20230213:1409,321.410
20230213:1509,249.140
20230213:1609,237.770
20230213:1709,81.780
20230213:1809,9.170
20230213:1909,0.000
20230213:2009,0.000
20230213:2109,0.000
20230213:2209,0.000
20230213:2309,0.000
20230214:0009,0.000
20230214:0109,0.000
20230214:0209,0.000
20230214:0309,0.000
20230214:0409,0.000
20230214:0509,0.000
20230214:0609,0.000
20230214:0709,0.000
20230214:0809,19.760
20230214:0909,152.310
20230214:1009,282.220
20230214:1109,361.300
20230214:1209,398.060
20230214:1309,380.260
20230214:1409,318.910
20230214:1509,389.530
20230214:1609,297.780
20230214:1709,161.780
20230214:1809,36.710
20230214:1909,0.000
20230214:2009,0.000
20230214:2109,0.000
20230214:2209,0.000
20230214:2309,0.000
20230215:0009,0.000
20230215:0109,0.000
20230215:0209,0.000
20230215:0309,0.000
20230215:0409,0.000
20230215:0509,0.000
20230215:0609,0.000
20230215:0709,0.000
20230215:0809,1.880
20230215:0909,37.590
20230215:1009,57.630
20230215:1109,116.010
20230215:1209,217.850
20230215:1309,202.060
20230215:1409,134.320
20230215:1509,349.460
20230215:1609,114.550
20230215:1709,175.710
20230215:1809,57.970
20230215:1909,0.000
20230215:2009,0.000
20230215:2109,0.000
20230215:2209,0.000
20230215:2309,0.000
20230216:0009,0.000
20230216:0109,0.000
20230216:0209,0.000
20230216:0309,0.000
20230216:0409,0.000
20230216:0509,0.000
20230216:0609,0.000
20230216:0709,0.000
20230216:0809,4.690
20230216:0909,195.160
20230216:1009,330.580
20230216:1109,346.420
20230216:1209,421.750
20230216:1309,435.860
20230216:1409,406.690
20230216:1509,452.620
20230216:1609,325.400
20230216:1709,123.740
20230216:1809,13.130
20230216:1909,0.000
20230216:2009,0.000
20230216:2109,0.000
20230216:2209,0.000
20230216:2309,0.000
20230217:0009,0.000
20230217:0109,0.000
20230217:0209,0.000
20230217:0309,0.000
20230217:0409,0.000
20230217:0509,0.000
20230217:0609,0.000
20230217:0709,0.000
20230217:0809,25.100
20230217:0909,198.240
20230217:1009,313.690
20230217:1109,386.510
20230217:1209,459.130
20230217:1309,354.620
20230217:1409,454.800
20230217:1509,408.760
20230217:1609,304.120
20230217:1709,195.460
20230217:1809,27.020
20230217:1909,0.000
20230217:2009,0.000
20230217:2109,0.000
20230217:2209,0.000
20230217:2309,0.000
20230218:0009,0.000
20230218:0109,0.000
20230218:0209,0.000
20230218:0309,0.000
20230218:0409,0.000
20230218:0509,0.000
20230218:0609,0.000
20230218:0709,0.000
20230218:0809,21.590
20230218:0909,181.970
20230218:1009,235.460
20230218:1109,374.770
20230218:1209,331.260
20230218:1309,400.500
20230218:1409,449.840
20230218:1509,418.140
20230218:1609,330.400
20230218:1709,218.300
20230218:1809,69.310
20230218:1909,0.000
20230218:2009,0.000
20230218:2109,0.000
20230218:2209,0.000
20230218:2309,0.000
20230219:0009,0.000
20230219:0109,0.000
20230219:0209,0.000
20230219:0309,0.000
20230219:0409,0.000
20230219:0509,0.000
20230219:0609,0.000
20230219:0709,0.000
20230219:0809,20.750
20230219:0909,159.450
20230219:1009,230.260
20230219:1109,327.880
20230219:1209,377.030
20230219:1309,371.770
20230219:1409,431.380
20230219:1509,370.120
20230219:1609,341.430
20230219:1709,214.260
20230219:1809,72.800
20230219:1909,0.000
20230219:2009,0.000
20230219:2109,0.000
20230219:2209,0.000
20230219:2309,0.000
20230220:0009,0.000
20230220:0109,0.000
20230220:0209,0.000
20230220:0309,0.000
20230220:0409,0.000
20230220:0509,0.000
20230220:0609,0.000
20230220:0709,0.000
20230220:0809,29.700
20230220:0909,186.650
20230220:1009,315.340
20230220:1109,424.640
20230220:1209,460.740
20230220:1309,489.760
20230220:1409,468.360
20230220:1509,389.400
20230220:1609,339.460
20230220:1709,190.930
20230220:1809,60.780
20230220:1909,0.000
20230220:2009,0.000
20230220:2109,0.000
20230220:2209,0.000
20230220:2309,0.000
20230221:0009,0.000
20230221:0109,0.000
20230221:0209,0.000
20230221:0309,0.000
20230221:0409,0.000
20230221:0509,0.000
20230221:0609,0.000
20230221:0709,0.000
20230221:0809,44.800
20230221:0909,96.850
20230221:1009,287.820
20230221:1109,315.280
20230221:1209,373.740
20230221:1309,374.920
20230221:1409,335.030
20230221:1509,343.060
20230221:1609,248.020
20230221:1709,146.390
20230221:1809,71.880
20230221:1909,0.000
20230221:2009,0.000
20230221:2109,0.000
20230221:2209,0.000
20230221:2309,0.000
20230222:0009,0.000
20230222:0109,0.000
20230222:0209,0.000
20230222:0309,0.000
20230222:0409,0.000
20230222:0509,0.000
20230222:0609,0.000
20230222:0709,0.000
20230222:0809,12.130
20230222:0909,38.590
20230222:1009,247.080
20230222:1109,148.760
20230222:1209,278.810
20230222:1309,208.230
20230222:1409,184.970
20230222:1509,168.590
20230222:1609,119.570
20230222:1709,135.520
20230222:1809,29.270
20230222:1909,0.000
20230222:2009,0.000
20230222:2109,0.000
20230222:2209,0.000
20230222:2309,0.000
20230223:0009,0.000
20230223:0109,0.000
20230223:0209,0.000
20230223:0309,0.000
20230223:0409,0.000
20230223:0509,0.000
20230223:0609,0.000
20230223:0709,0.000
20230223:0809,8.520
20230223:0909,17.510
20230223:1009,129.490
20230223:1109,119.940
20230223:1209,244.120
20230223:1309,394.760
20230223:1409,381.960
20230223:1509,382.150
20230223:1609,273.970
20230223:1709,43.490
20230223:1809,30.440
20230223:1909,0.000
20230223:2009,0.000
20230223:2109,0.000
20230223:2209,0.000
20230223:2309,0.000
20230224:0009,0.000
20230224:0109,0.000
20230224:0209,0.000
20230224:0309,0.000
20230224:0409,0.000
20230224:0509,0.000
20230224:0609,0.000
20230224:0709,0.000
20230224:0809,22.030
20230224:0909,164.930
20230224:1009,117.800
20230224:1109,288.260
20230224:1209,374.340
20230224:1309,483.850
20230224:1409,488.750
20230224:1509,439.460
20230224:1609,330.830
20230224:1709,211.880
20230224:1809,75.880
20230224:1909,0.000
20230224:2009,0.000
20230224:2109,0.000
20230224:2209,0.000
20230224:2309,0.000
20230225:0009,0.000
20230225:0109,0.000
20230225:0209,0.000
20230225:0309,0.000
20230225:0409,0.000
20230225:0509,0.000
20230225:0609,0.000
20230225:0709,0.000
20230225:0809,20.730
20230225:0909,185.330
20230225:1009,318.880
20230225:1109,248.930
20230225:1209,187.820
20230225:1309,217.360
20230225:1409,199.870
20230225:1509,89.400
20230225:1609,58.520
20230225:1709,34.710
20230225:1809,29.230
20230225:1909,0.000
20230225:2009,0.000
20230225:2109,0.000
20230225:2209,0.000
20230225:2309,0.000
20230226:0009,0.000
20230226:0109,0.000
20230226:0209,0.000
20230226:0309,0.000
20230226:0409,0.000
20230226:0509,0.000
20230226:0609,0.000
20230226:0709,0.000
20230226:0809,46.160
20230226:0909,193.040
20230226:1009,322.870
20230226:1109,410.000
20230226:1209,443.810
20230226:1309,486.100
20230226:1409,465.810
20230226:1509,281.990
20230226:1609,90.460
20230226:1709,74.210
20230226:1809,46.930
20230226:1909,0.000
20230226:2009,0.000
20230226:2109,0.000
20230226:2209,0.000
20230226:2309,0.000
20230227:0009,0.000
20230227:0109,0.000
20230227:0209,0.000
20230227:0309,0.000
20230227:0409,0.000
20230227:0509,0.000
20230227:0609,0.000
20230227:0709,0.000
20230227:0809,50.180
20230227:0909,202.910
20230227:1009,326.320
20230227:1109,425.910
20230227:1209,481.090
20230227:1309,495.520
20230227:1409,493.790
20230227:1509,445.500
20230227:1609,337.780
20230227:1709,238.190
20230227:1809,86.720
20230227:1909,0.000
20230227:2009,0.000
20230227:2109,0.000
20230227:2209,0.000
20230227:2309,0.000
20230228:0009,0.000
20230228:0109,0.000
20230228:0209,0.000
20230228:0309,0.000
20230228:0409,0.000
20230228:0509,0.000
20230228:0609,0.000
20230228:0709,0.000
20230228:0809,51.450
20230228:0909,159.640
20230228:1009,329.820
20230228:1109,309.320
20230228:1209,404.870
20230228:1309,479.740
20230228:1409,457.520
20230228:1509,435.650
20230228:1609,354.040
20230228:1709,228.960
20230228:1809,84.370
20230228:1909,0.000
20230228:2009,0.000
20230228:2109,0.000
20230228:2209,0.000
20230228:2309,0.000
20230301:0009,0.000
20230301:0109,0.000
20230301:0209,0.000
20230301:0309,0.000
20230301:0409,0.000
20230301:0509,0.000
20230301:0609,0.000
20230301:0709,0.000
20230301:0809,16.060
20230301:0909,80.810
20230301:1009,153.290
20230301:1109,267.520
20230301:1209,419.200
20230301:1309,440.270
20230301:1409,458.870
20230301:1509,406.110
20230301:1609,340.000
20230301:1709,77.360
20230301:1809,81.380
20230301:1909,0.000
20230301:2009,0.000
20230301:2109,0.000
20230301:2209,0.000
20230301:2309,0.000
20230302:0009,0.000
20230302:0109,0.000
20230302:0209,0.000
20230302:0309,0.000
20230302:0409,0.000
20230302:0509,0.000
20230302:0609,0.000
20230302:0709,0.000
20230302:0809,40.220
20230302:0909,173.060
20230302:1009,294.350
20230302:1109,343.140
20230302:1209,412.240
20230302:1309,507.990
20230302:1409,490.310
20230302:1509,353.740
20230302:1609,344.320
20230302:1709,227.780
20230302:1809,67.930
20230302:1909,0.000
20230302:2009,0.000
20230302:2109,0.000
20230302:2209,0.000
20230302:2309,0.000
20230303:0009,0.000
20230303:0109,0.000
20230303:0209,0.000
20230303:0309,0.000
20230303:0409,0.000
20230303:0509,0.000
20230303:0609,0.000
20230303:0709,0.000
20230303:0809,35.490
20230303:0909,37.090
20230303:1009,151.510
20230303:1109,334.590
20230303:1209,432.620
20230303:1309,221.380
20230303:1409,345.830
20230303:1509,373.960
20230303:1609,341.590
20230303:1709,98.300
20230303:1809,53.470
20230303:1909,0.000
20230303:2009,0.000
20230303:2109,0.000
20230303:2209,0.000
20230303:2309,0.000
20230304:0009,0.000
20230304:0109,0.000
20230304:0209,0.000
20230304:0309,0.000
20230304:0409,0.000
20230304:0509,0.000
20230304:0609,0.000
20230304:0709,0.000
20230304:0809,62.680
20230304:0909,185.000
20230304:1009,294.640
20230304:1109,422.700
20230304:1209,482.410
20230304:1309,504.280
20230304:1409,492.460
20230304:1509,424.220
20230304:1609,355.810
20230304:1709,231.010
20230304:1809,81.040
20230304:1909,0.000
20230304:2009,0.000
20230304:2109,0.000
20230304:2209,0.000
20230304:2309,0.000
20230305:0009,0.000
20230305:0109,0.000
20230305:0209,0.000
20230305:0309,0.000
20230305:0409,0.000
20230305:0509,0.000
20230305:0609,0.000
20230305:0709,0.000
20230305:0809,62.090
20230305:0909,177.170
20230305:1009,310.840
20230305:1109,432.260
20230305:1209,463.720
20230305:1309,493.790
20230305:1409,459.670
20230305:1509,430.920
20230305:1609,356.890
20230305:1709,197.400
20230305:1809,56.160
20230305:1909,0.000
20230305:2009,0.000
20230305:2109,0.000
20230305:2209,0.000
20230305:2309,0.000
20230306:0009,0.000
20230306:0109,0.000
20230306:0209,0.000
20230306:0309,0.000
20230306:0409,0.000
20230306:0509,0.000
20230306:0609,0.000
20230306:0709,0.000
20230306:0809,56.790
20230306:0909,192.750
20230306:1009,332.650
20230306:1109,423.200
20230306:1209,435.680
20230306:1309,494.250
20230306:1409,488.030
20230306:1509,382.790
20230306:1609,228.680
20230306:1709,143.500
20230306:1809,52.400
20230306:1909,0.000
20230306:2009,0.000
20230306:2109,0.000
20230306:2209,0.000
20230306:2309,0.000
20230307:0009,0.000
20230307:0109,0.000
20230307:0209,0.000
20230307:0309,0.000
20230307:0409,0.000
20230307:0509,0.000
20230307:0609,0.000
20230307:0709,0.000
20230307:0809,65.720
20230307:0909,210.020
20230307:1009,332.460
20230307:1109,425.110
20230307:1209,456.530
20230307:1309,501.900
20230307:1409,494.520
20230307:1509,435.380
20230307:1609,355.900
20230307:1709,232.510
20230307:1809,82.730
20230307:1909,0.000
20230307:2009,0.000
20230307:2109,0.000
20230307:2209,0.000
20230307:2309,0.000
20230308:0009,0.000
20230308:0109,0.000
20230308:0209,0.000
20230308:0309,0.000
20230308:0409,0.000
20230308:0509,0.000
20230308:0609,0.000
20230308:0709,0.000
20230308:0809,52.180
20230308:0909,142.660
20230308:1009,319.310
20230308:1109,420.330
20230308:1209,473.000
20230308:1309,502.100
20230308:1409,490.870
20230308:1509,433.120
20230308:1609,354.070
20230308:1709,232.310
20230308:1809,72.700
20230308:1909,0.000
20230308:2009,0.000
20230308:2109,0.000
20230308:2209,0.000
20230308:2309,0.000
20230309:0009,0.000
20230309:0109,0.000
20230309:0209,0.000
20230309:0309,0.000
20230309:0409,0.000
20230309:0509,0.000
20230309:0609,0.000
20230309:0709,0.000
20230309:0809,40.060
20230309:0909,114.220
20230309:1009,229.370
20230309:1109,363.040
20230309:1209,362.250
20230309:1309,503.640
20230309:1409,499.270
20230309:1509,445.630
20230309:1609,364.110
20230309:1709,229.270
20230309:1809,86.650
20230309:1909,0.000
20230309:2009,0.000
20230309:2109,0.000
20230309:2209,0.000
20230309:2309,0.000
20230310:0009,0.000
20230310:0109,0.000
20230310:0209,0.000
20230310:0309,0.000
20230310:0409,0.000
20230310:0509,0.000
20230310:0609,0.000
20230310:0709,0.000
20230310:0809,51.520
20230310:0909,150.250
20230310:1009,299.720
20230310:1109,421.690
20230310:1209,478.570
20230310:1309,512.160
20230310:1409,498.790
20230310:1509,435.910
20230310:1609,355.450
20230310:1709,234.260
20230310:1809,85.820
20230310:1909,0.000
20230310:2009,0.000
20230310:2109,0.000
20230310:2209,0.000
20230310:2309,0.000
20230311:0009,0.000
20230311:0109,0.000
20230311:0209,0.000
20230311:0309,0.000
20230311:0409,0.000
20230311:0509,0.000
20230311:0609,0.000
20230311:0709,0.000
20230311:0809,68.910
20230311:0909,181.550
20230311:1009,308.630
20230311:1109,388.260
20230311:1209,480.770
20230311:1309,515.550
20230311:1409,492.330
20230311:1509,444.540
20230311:1609,358.920
20230311:1709,233.410
20230311:1809,80.990
20230311:1909,0.000
20230311:2009,0.000
20230311:2109,0.000
20230311:2209,0.000
20230311:2309,0.000
20230312:0009,0.000
20230312:0109,0.000
20230312:0209,0.000
20230312:0309,0.000
20230312:0409,0.000
20230312:0509,0.000
20230312:0609,0.000
20230312:0709,0.000
20230312:0809,73.340
20230312:0909,214.500
20230312:1009,335.270
20230312:1109,412.600
20230312:1209,465.670
20230312:1309,488.080
20230312:1409,470.230
20230312:1509,282.120
20230312:1609,322.090
20230312:1709,208.560
20230312:1809,75.020
20230312:1909,0.000
20230312:2009,0.000
20230312:2109,0.000
20230312:2209,0.000
20230312:2309,0.000
20230313:0009,0.000
20230313:0109,0.000
20230313:0209,0.000
20230313:0309,0.000
20230313:0409,0.000
20230313:0509,0.000
20230313:0609,0.000
20230313:0709,0.000
20230313:0809,24.780
20230313:0909,187.600
20230313:1009,332.170
20230313:1109,425.680
20230313:1209,430.210
20230313:1309,440.480
20230313:1409,409.360
20230313:1509,287.080
20230313:1609,231.280
20230313:1709,98.420
20230313:1809,7.870
20230313:1909,0.000
20230313:2009,0.000
20230313:2109,0.000
20230313:2209,0.000
20230313:2309,0.000
20230314:0009,0.000
20230314:0109,0.000
20230314:0209,0.000
20230314:0309,0.000
20230314:0409,0.000
20230314:0509,0.000
20230314:0609,0.000
20230314:0709,0.000
20230314:0809,75.610
20230314:0909,226.190
20230314:1009,361.420
20230314:1109,449.470
20230314:1209,500.840
20230314:1309,526.560
20230314:1409,509.100
20230314:1509,453.640
20230314:1609,366.600
20230314:1709,241.500
20230314:1809,86.030
20230314:1909,0.000
20230314:2009,0.000
20230314:2109,0.000
20230314:2209,0.000
20230314:2309,0.000
20230315:0009,0.000
20230315:0109,0.000
20230315:0209,0.000
20230315:0309,0.000
20230315:0409,0.000
20230315:0509,0.000
20230315:0609,0.000
20230315:0709,0.000
20230315:0809,75.290
20230315:0909,221.500
20230315:1009,351.700
20230315:1109,440.580
20230315:1209,493.090
20230315:1309,513.490
20230315:1409,498.020
20230315:1509,428.620
20230315:1609,310.160
20230315:1709,184.370
20230315:1809,72.690
20230315:1909,0.000
20230315:2009,0.000
20230315:2109,0.000
20230315:2209,0.000
20230315:2309,0.000
20230316:0009,0.000
20230316:0109,0.000
20230316:0209,0.000
20230316:0309,0.000
20230316:0409,0.000
20230316:0509,0.000
20230316:0609,0.000
20230316:0709,0.000
20230316:0809,81.560
20230316:0909,215.960
20230316:1009,347.000
20230316:1109,447.430
20230316:1209,505.050
20230316:1309,528.090
20230316:1409,504.790
20230316:1509,436.300
20230316:1609,346.140
20230316:1709,204.910
20230316:1809,67.320
20230316:1909,0.000
20230316:2009,0.000
20230316:2109,0.000
20230316:2209,0.000
20230316:2309,0.000
20230317:0009,0.000
20230317:0109,0.000
20230317:0209,0.000
20230317:0309,0.000
20230317:0409,0.000
20230317:0509,0.000
20230317:0609,0.000
20230317:0709,0.000
20230317:0809,34.450
20230317:0909,49.570
20230317:1009,111.730
20230317:1109,115.270
20230317:1209,97.330
20230317:1309,107.080
20230317:1409,111.980
20230317:1509,165.170
20230317:1609,162.800
20230317:1709,125.790
20230317:1809,77.340
20230317:1909,0.000
20230317:2009,0.000
20230317:2109,0.000
20230317:2209,0.000
20230317:2309,0.000
20230318:0009,0.000
20230318:0109,0.000
20230318:0209,0.000
20230318:0309,0.000
20230318:0409,0.000
20230318:0509,0.000
20230318:0609,0.000
20230318:0709,0.000
20230318:0809,83.210
20230318:0909,53.300
20230318:1009,92.130
20230318:1109,73.540
20230318:1209,137.950
20230318:1309,186.020
20230318:1409,196.730
20230318:1509,347.980
20230318:1609,203.710
20230318:1709,133.540
20230318:1809,57.980
20230318:1909,0.000
20230318:2009,0.000
20230318:2109,0.000
20230318:2209,0.000
20230318:2309,0.000
20230319:0009,0.000
20230319:0109,0.000
20230319:0209,0.000
20230319:0309,0.000
20230319:0409,0.000
20230319:0509,0.000
20230319:0609,0.000
20230319:0709,0.000
20230319:0809,66.080
20230319:0909,152.540
20230319:1009,159.580
20230319:1109,153.030
20230319:1209,293.020
20230319:1309,457.500
20230319:1409,271.240
20230319:1509,299.690
20230319:1609,273.560
20230319:1709,215.450
20230319:1809,73.490
20230319:1909,0.000
20230319:2009,0.000
20230319:2109,0.000
20230319:2209,0.000
20230319:2309,0.000
20230320:0009,0.000
20230320:0109,0.000
20230320:0209,0.000
20230320:0309,0.000
20230320:0409,0.000
20230320:0509,0.000
20230320:0609,0.000
20230320:0709,0.000
20230320:0809,55.600
20230320:0909,110.230
20230320:1009,101.520
20230320:1109,118.600
20230320:1209,504.380
20230320:1309,473.470
20230320:1409,507.860
20230320:1509,392.910
20230320:1609,276.120
20230320:1709,162.680
20230320:1809,35.050
20230320:1909,0.000
20230320:2009,0.000
20230320:2109,0.000
20230320:2209,0.000
20230320:2309,0.000
20230321:0009,0.000
20230321:0109,0.000
20230321:0209,0.000
20230321:0309,0.000
20230321:0409,0.000
20230321:0509,0.000
20230321:0609,0.000
20230321:0709,0.000
20230321:0809,0.000
20230321:0909,227.590
20230321:1009,259.060
20230321:1109,357.340
20230321:1209,450.630
20230321:1309,414.130
20230321:1409,418.010
20230321:1509,289.760
20230321:1609,296.660
20230321:1709,74.160
20230321:1809,56.250
20230321:1909,0.000
20230321:2009,0.000
20230321:2109,0.000
20230321:2209,0.000
20230321:2309,0.000
20230322:0009,0.000
20230322:0109,0.000
20230322:0209,0.000
20230322:0309,0.000
20230322:0409,0.000
20230322:0509,0.000
20230322:0609,0.000
20230322:0709,0.000
20230322:0809,66.750
20230322:0909,216.850
20230322:1009,354.520
20230322:1109,405.370
20230322:1209,447.140
20230322:1309,413.950
20230322:1409,281.200
20230322:1509,253.500
20230322:1609,177.980
20230322:1709,146.330
20230322:1809,72.260
20230322:1909,0.000
20230322:2009,0.000
20230322:2109,0.000
20230322:2209,0.000
20230322:2309,0.000
20230323:0009,0.000
20230323:0109,0.000
20230323:0209,0.000
20230323:0309,0.000
20230323:0409,0.000
20230323:0509,0.000
20230323:0609,0.000
20230323:0709,0.000
20230323:0809,86.530
20230323:0909,232.970
20230323:1009,353.290
20230323:1109,442.870
20230323:1209,500.290
20230323:1309,506.540
20230323:1409,483.640
20230323:1509,430.660
20230323:1609,340.150
20230323:1709,216.930
20230323:1809,77.540
20230323:1909,0.000
20230323:2009,0.000
20230323:2109,0.000
20230323:2209,0.000
20230323:2309,0.000
20230324:0009,0.000
20230324:0109,0.000
20230324:0209,0.000
20230324:0309,0.000
20230324:0409,0.000
20230324:0509,0.000
20230324:0609,0.000
20230324:0709,0.000
20230324:0809,89.880
20230324:0909,233.370
20230324:1009,355.550
20230324:1109,445.990
20230324:1209,507.780
20230324:1309,515.330
20230324:1409,489.180
20230324:1509,432.420
20230324:1609,339.950
20230324:1709,215.530
20230324:1809,77.280
20230324:1909,0.000
20230324:2009,0.000
20230324:2109,0.000
20230324:2209,0.000
20230324:2309,0.000
20230325:0009,0.000
20230325:0109,0.000
20230325:0209,0.000
20230325:0309,0.000
20230325:0409,0.000
20230325:0509,0.000
20230325:0609,0.000
20230325:0709,0.000
20230325:0809,89.180
20230325:0909,230.320
20230325:1009,348.970
20230325:1109,441.860
20230325:1209,501.070
20230325:1309,506.990
20230325:1409,485.200
20230325:1509,432.260
20230325:1609,342.550
20230325:1709,219.300
20230325:1809,78.700
20230325:1909,0.000
20230325:2009,0.000
20230325:2109,0.000
20230325:2209,0.000
20230325:2309,0.000
20230326:0009,0.000
20230326:0109,0.000
20230326:0209,0.000
20230326:0309,0.000
20230326:0409,0.000
20230326:0509,0.000
20230326:0609,0.000
20230326:0709,0.000
20230326:0809,93.020
20230326:0909,235.000
20230326:1009,353.180
20230326:1109,436.270
20230326:1209,492.050
20230326:1309,497.110
20230326:1409,439.440
20230326:1509,428.210
20230326:1609,349.910
20230326:1709,224.070
20230326:1809,74.490
20230326:1909,0.000
20230326:2009,0.000
20230326:2109,0.000
20230326:2209,0.000
20230326:2309,0.000
20230327:0009,0.000
20230327:0109,0.000
20230327:0209,0.000
20230327:0309,0.000
20230327:0409,0.000
20230327:0509,0.000
20230327:0609,0.000
20230327:0709,0.000
20230327:0809,98.070
20230327:0909,241.740
20230327:1009,362.890
20230327:1109,447.500
20230327:1209,504.130
20230327:1309,512.680
20230327:1409,491.950
20230327:1509,442.400
20230327:1609,351.800
20230327:1709,230.180
20230327:1809,84.430
20230327:1909,0.000
20230327:2009,0.000
20230327:2109,0.000
20230327:2209,0.000
20230327:2309,0.000
20230328:0009,0.000
20230328:0109,0.000
20230328:0209,0.000
20230328:0309,0.000
20230328:0409,0.000
20230328:0509,0.000
20230328:0609,0.000
20230328:0709,0.000
20230328:0809,99.410
20230328:0909,244.220
20230328:1009,361.940
20230328:1109,451.060
20230328:1209,506.490
20230328:1309,519.380
20230328:1409,500.760
20230328:1509,446.040
20230328:1609,356.080
20230328:1709,232.700
20230328:1809,87.440
20230328:1909,0.000
20230328:2009,0.000
20230328:2109,0.000
20230328:2209,0.000
20230328:2309,0.000
20230329:0009,0.000
20230329:0109,0.000
20230329:0209,0.000
20230329:0309,0.000
20230329:0409,0.000
20230329:0509,0.000
20230329:0609,0.000
20230329:0709,0.000
20230329:0809,98.200
20230329:0909,241.320
20230329:1009,360.770
20230329:1109,448.590
20230329:1209,509.620
20230329:1309,516.760
20230329:1409,495.070
20230329:1509,437.920
20230329:1609,344.220
20230329:1709,220.070
20230329:1809,79.510
20230329:1909,0.000
20230329:2009,0.000
20230329:2109,0.000
20230329:2209,0.000
20230329:2309,0.000
20230330:0009,0.000
20230330:0109,0.000
20230330:0209,0.000
20230330:0309,0.000
20230330:0409,0.000
20230330:0509,0.000
20230330:0609,0.000
20230330:0709,0.210
20230330:0809,95.140
20230330:0909,230.000
20230330:1009,349.790
20230330:1109,441.880
20230330:1209,502.230
20230330:1309,500.360
20230330:1409,465.870
20230330:1509,402.760
20230330:1609,309.200
20230330:1709,187.610
20230330:1809,68.470
20230330:1909,0.000
20230330:2009,0.000
20230330:2109,0.000
20230330:2209,0.000
20230330:2309,0.000
20230331:0009,0.000
20230331:0109,0.000
20230331:0209,0.000
20230331:0309,0.000
20230331:0409,0.000
20230331:0509,0.000
20230331:0609,0.000
20230331:0709,0.680
20230331:0809,92.570
20230331:0909,226.340
20230331:1009,341.990
20230331:1109,433.040
20230331:1209,493.630
20230331:1309,500.150
20230331:1409,475.110
20230331:1509,418.570
20230331:1609,323.270
20230331:1709,200.900
20230331:1809,71.830
20230331:1909,0.000
20230331:2009,0.000
20230331:2109,0.000
20230331:2209,0.000
20230331:2309,0.000
20230401:0009,0.000
20230401:0109,0.000
20230401:0209,0.000
20230401:0309,0.000
20230401:0409,0.000
20230401:0509,0.000
20230401:0609,0.000
20230401:0709,1.240
20230401:0809,100.730
20230401:0909,245.570
20230401:1009,365.370
20230401:1109,453.980
20230401:1209,510.410
20230401:1309,522.160
20230401:1409,498.550
20230401:1509,442.010
20230401:1609,322.530
20230401:1709,228.650
20230401:1809,85.730
20230401:1909,0.000
20230401:2009,0.000
20230401:2109,0.000
20230401:2209,0.000
20230401:2309,0.000
20230402:0009,0.000
20230402:0109,0.000
20230402:0209,0.000
20230402:0309,0.000
20230402:0409,0.000
20230402:0509,0.000
20230402:0609,0.000
20230402:0709,2.090
20230402:0809,106.530
20230402:0909,238.590
20230402:1009,351.680
20230402:1109,451.350
20230402:1209,502.400
20230402:1309,522.320
20230402:1409,482.250
20230402:1509,441.390
20230402:1609,346.850
20230402:1709,198.370
20230402:1809,75.650
20230402:1909,0.000
20230402:2009,0.000
20230402:2109,0.000
20230402:2209,0.000
20230402:2309,0.000
20230403:0009,0.000
20230403:0109,0.000
20230403:0209,0.000
20230403:0309,0.000
20230403:0409,0.000
20230403:0509,0.000
20230403:0609,0.000
20230403:0709,0.450
20230403:0809,58.380
20230403:0909,146.340
20230403:1009,251.920
20230403:1109,442.150
20230403:1209,520.170
20230403:1309,525.080
20230403:1409,504.710
20230403:1509,447.110
20230403:1609,347.980
20230403:1709,221.720
20230403:1809,88.700
20230403:1909,0.000
20230403:2009,0.000
20230403:2109,0.000
20230403:2209,0.000
20230403:2309,0.000
20230404:0009,0.000
20230404:0109,0.000
20230404:0209,0.000
20230404:0309,0.000
20230404:0409,0.000
20230404:0509,0.000
20230404:0609,0.000
20230404:0709,1.540
20230404:0809,30.210
20230404:0909,217.650
20230404:1009,346.630
20230404:1109,379.930
20230404:1209,259.420
20230404:1309,462.190
20230404:1409,230.550
20230404:1509,407.050
20230404:1609,172.270
20230404:1709,183.080
20230404:1809,84.860
20230404:1909,0.000
20230404:2009,0.000
20230404:2109,0.000
20230404:2209,0.000
20230404:2309,0.000
20230405:0009,0.000
20230405:0109,0.000
20230405:0209,0.000
20230405:0309,0.000
20230405:0409,0.000
20230405:0509,0.000
20230405:0609,0.000
20230405:0709,3.100
20230405:0809,94.130
20230405:0909,229.930
20230405:1009,268.730
20230405:1109,442.170
20230405:1209,478.200
20230405:1309,454.730
20230405:1409,434.930
20230405:1509,397.530
20230405:1609,302.620
20230405:1709,203.800
20230405:1809,67.920
20230405:1909,0.000
20230405:2009,0.000
20230405:2109,0.000
20230405:2209,0.000
20230405:2309,0.000
20230406:0009,0.000
20230406:0109,0.000
20230406:0209,0.000
20230406:0309,0.000
20230406:0409,0.000
20230406:0509,0.000
20230406:0609,0.000
20230406:0709,4.330
20230406:0809,111.840
20230406:0909,263.620
20230406:1009,380.600
20230406:1109,465.590
20230406:1209,522.100
20230406:1309,533.620
20230406:1409,513.820
20230406:1509,455.270
20230406:1609,359.210
20230406:1709,234.730
20230406:1809,87.280
20230406:1909,0.000
20230406:2009,0.000
20230406:2109,0.000
20230406:2209,0.000
20230406:2309,0.000
20230407:0009,0.000
20230407:0109,0.000
20230407:0209,0.000
20230407:0309,0.000
20230407:0409,0.000
20230407:0509,0.000
20230407:0609,0.000
20230407:0709,4.440
20230407:0809,107.720
20230407:0909,250.060
20230407:1009,360.810
20230407:1109,449.410
20230407:1209,496.060
20230407:1309,492.770
20230407:1409,428.690
20230407:1509,241.980
20230407:1609,302.250
20230407:1709,122.950
20230407:1809,64.810
20230407:1909,0.000
20230407:2009,0.000
20230407:2109,0.000
20230407:2209,0.000
20230407:2309,0.000
20230408:0009,0.000
20230408:0109,0.000
20230408:0209,0.000
20230408:0309,0.000
20230408:0409,0.000
20230408:0509,0.000
20230408:0609,0.000
20230408:0709,3.530
20230408:0809,80.030
20230408:0909,149.330
20230408:1009,166.170
20230408:1109,269.530
20230408:1209,398.600
20230408:1309,433.400
20230408:1409,292.380
20230408:1509,128.930
20230408:1609,60.400
20230408:1709,57.130
20230408:1809,34.060
20230408:1909,0.000
20230408:2009,0.000
20230408:2109,0.000
20230408:2209,0.000
20230408:2309,0.000
20230409:0009,0.000
20230409:0109,0.000
20230409:0209,0.000
20230409:0309,0.000
20230409:0409,0.000
20230409:0509,0.000
20230409:0609,0.000
20230409:0709,6.010
20230409:0809,95.150
20230409:0909,224.870
20230409:1009,259.810
20230409:1109,323.330
20230409:1209,381.850
20230409:1309,285.150
20230409:1409,319.300
20230409:1509,289.640
20230409:1609,317.740
20230409:1709,195.390
20230409:1809,60.770
20230409:1909,0.000
20230409:2009,0.000
20230409:2109,0.000
20230409:2209,0.000
20230409:2309,0.000
20230410:0009,0.000
20230410:0109,0.000
20230410:0209,0.000
20230410:0309,0.000
20230410:0409,0.000
20230410:0509,0.000
20230410:0609,0.000
20230410:0709,5.490
20230410:0809,78.170
20230410:0909,162.500
20230410:1009,359.900
20230410:1109,451.540
20230410:1209,489.020
20230410:1309,504.310
20230410:1409,481.310
20230410:1509,423.760
20230410:1609,332.980
20230410:1709,212.400
20230410:1809,76.150
20230410:1909,0.150
20230410:2009,0.000
20230410:2109,0.000
20230410:2209,0.000
20230410:2309,0.000
20230411:0009,0.000
20230411:0109,0.000
20230411:0209,0.000
20230411:0309,0.000
20230411:0409,0.000
20230411:0509,0.000
20230411:0609,0.000
20230411:0709,7.240
20230411:0809,79.170
20230411:0909,203.480
20230411:1009,317.130
20230411:1109,406.100
20230411:1209,491.350
20230411:1309,475.480
20230411:1409,314.870
20230411:1509,367.150
20230411:1609,226.670
20230411:1709,86.830
20230411:1809,74.260
20230411:1909,0.850
20230411:2009,0.000
20230411:2109,0.000
20230411:2209,0.000
20230411:2309,0.000
20230412:0009,0.000
20230412:0109,0.000
20230412:0209,0.000
20230412:0309,0.000
20230412:0409,0.000
20230412:0509,0.000
20230412:0609,0.000
20230412:0709,6.700
20230412:0809,108.020
20230412:0909,244.310
20230412:1009,361.600
20230412:1109,435.790
20230412:1209,505.040
20230412:1309,483.050
20230412:1409,485.030
20230412:1509,431.030
20230412:1609,307.130
20230412:1709,194.690
20230412:1809,73.240
20230412:1909,0.380
20230412:2009,0.000
20230412:2109,0.000
20230412:2209,0.000
20230412:2309,0.000
20230413:0009,0.000
20230413:0109,0.000
20230413:0209,0.000
20230413:0309,0.000
20230413:0409,0.000
20230413:0509,0.000
20230413:0609,0.000
20230413:0709,7.480
20230413:0809,110.360
20230413:0909,228.350
20230413:1009,256.300
20230413:1109,237.120
20230413:1209,314.020
20230413:1309,460.340
20230413:1409,446.310
20230413:1509,381.060
20230413:1609,226.720
20230413:1709,123.600
20230413:1809,50.810
20230413:1909,0.000
20230413:2009,0.000
20230413:2109,0.000
20230413:2209,0.000
20230413:2309,0.000
20230414:0009,0.000
20230414:0109,0.000
20230414:0209,0.000
20230414:0309,0.000
20230414:0409,0.000
20230414:0509,0.000
20230414:0609,0.000
20230414:0709,9.620
20230414:0809,54.000
20230414:0909,53.340
20230414:1009,99.780
20230414:1109,140.320
20230414:1209,141.230
20230414:1309,256.180
20230414:1409,176.780
20230414:1509,227.050
20230414:1609,157.690
20230414:1709,111.820
20230414:1809,42.380
20230414:1909,0.000
20230414:2009,0.000
20230414:2109,0.000
20230414:2209,0.000
20230414:2309,0.000
20230415:0009,0.000
20230415:0109,0.000
20230415:0209,0.000
20230415:0309,0.000
20230415:0409,0.000
20230415:0509,0.000
20230415:0609,0.000
20230415:0709,10.420
20230415:0809,106.400
20230415:0909,228.360
20230415:1009,348.940
20230415:1109,445.360
20230415:1209,503.960
20230415:1309,521.360
20230415:1409,497.270
20230415:1509,436.090
20230415:1609,341.560
20230415:1709,223.040
20230415:1809,74.240
20230415:1909,2.290
20230415:2009,0.000
20230415:2109,0.000
20230415:2209,0.000
20230415:2309,0.000
20230416:0009,0.000
20230416:0109,0.000
20230416:0209,0.000
20230416:0309,0.000
20230416:0409,0.000
20230416:0509,0.000
20230416:0609,0.000
20230416:0709,9.040
20230416:0809,89.790
20230416:0909,255.320
20230416:1009,330.730
20230416:1109,451.100
20230416:1209,501.280
20230416:1309,502.890
20230416:1409,332.560
20230416:1509,185.930
20230416:1609,119.280
20230416:1709,134.730
20230416:1809,77.940
20230416:1909,2.600
20230416:2009,0.000
20230416:2109,0.000
20230416:2209,0.000
20230416:2309,0.000
20230417:0009,0.000
20230417:0109,0.000
20230417:0209,0.000
20230417:0309,0.000
20230417:0409,0.000
20230417:0509,0.000
20230417:0609,0.000
20230417:0709,12.020
20230417:0809,111.430
20230417:0909,238.810
20230417:1009,376.390
20230417:1109,438.350
20230417:1209,298.970
20230417:1309,116.030
20230417:1409,49.990
20230417:1509,60.490
20230417:1609,86.390
20230417:1709,92.010
20230417:1809,49.550
20230417:1909,2.920
20230417:2009,0.000
20230417:2109,0.000
20230417:2209,0.000
20230417:2309,0.000
20230418:0009,0.000
20230418:0109,0.000
20230418:0209,0.000
20230418:0309,0.000
20230418:0409,0.000
20230418:0509,0.000
20230418:0609,0.000
20230418:0709,1.540
20230418:0809,59.480
20230418:0909,190.990
20230418:1009,239.270
20230418:1109,335.200
20230418:1209,394.820
20230418:1309,405.000
20230418:1409,364.270
20230418:1509,344.310
20230418:1609,313.240
20230418:1709,196.560
20230418:1809,73.420
20230418:1909,2.920
20230418:2009,0.000
20230418:2109,0.000
20230418:2209,0.000
20230418:2309,0.000
20230419:0009,0.000
20230419:0109,0.000
20230419:0209,0.000
20230419:0309,0.000
20230419:0409,0.000
20230419:0509,0.000
20230419:0609,0.000
20230419:0709,9.640
20230419:0809,74.600
20230419:0909,190.430
20230419:1009,343.150
20230419:1109,391.820
20230419:1209,442.040
20230419:1309,510.500
20230419:1409,483.430
20230419:1509,421.700
20230419:1609,317.740
20230419:1709,189.170
20230419:1809,72.600
20230419:1909,3.250
20230419:2009,0.000
20230419:2109,0.000
20230419:2209,0.000
20230419:2309,0.000
20230420:0009,0.000
20230420:0109,0.000
20230420:0209,0.000
20230420:0309,0.000
20230420:0409,0.000
20230420:0509,0.000
20230420:0609,0.000
20230420:0709,13.710
20230420:0809,113.620
20230420:0909,193.740
20230420:1009,144.780
20230420:1109,190.950
20230420:1209,435.200
20230420:1309,448.410
20230420:1409,390.130
20230420:1509,391.840
20230420:1609,340.770
20230420:1709,221.890
20230420:1809,70.580
20230420:1909,3.250
20230420:2009,0.000
20230420:2109,0.000
20230420:2209,0.000
20230420:2309,0.000
20230421:0009,0.000
20230421:0109,0.000
20230421:0209,0.000
20230421:0309,0.000
20230421:0409,0.000
20230421:0509,0.000
20230421:0609,0.000
20230421:0709,11.130
20230421:0809,122.280
20230421:0909,259.190
20230421:1009,359.360
20230421:1109,434.560
20230421:1209,424.750
20230421:1309,481.830
20230421:1409,457.360
20230421:1509,396.650
20230421:1609,328.250
20230421:1709,218.600
20230421:1809,81.830
20230421:1909,3.570
20230421:2009,0.000
20230421:2109,0.000
20230421:2209,0.000
20230421:2309,0.000
20230422:0009,0.000
20230422:0109,0.000
20230422:0209,0.000
20230422:0309,0.000
20230422:0409,0.000
20230422:0509,0.000
20230422:0609,0.000
20230422:0709,12.730
20230422:0809,120.260
20230422:0909,250.930
20230422:1009,352.880
20230422:1109,431.280
20230422:1209,469.600
20230422:1309,330.170
20230422:1409,224.080
20230422:1509,283.610
20230422:1609,307.240
20230422:1709,206.240
20230422:1809,79.870
20230422:1909,3.880
20230422:2009,0.000
20230422:2109,0.000
20230422:2209,0.000
20230422:2309,0.000
20230423:0009,0.000
20230423:0109,0.000
20230423:0209,0.000
20230423:0309,0.000
20230423:0409,0.000
20230423:0509,0.000
20230423:0609,0.000
20230423:0709,16.570
20230423:0809,76.340
20230423:0909,180.430
20230423:1009,331.010
20230423:1109,413.330
20230423:1209,472.120
20230423:1309,501.770
20230423:1409,477.650
20230423:1509,432.420
20230423:1609,334.670
20230423:1709,218.110
20230423:1809,80.310
20230423:1909,4.270
20230423:2009,0.000
20230423:2109,0.000
20230423:2209,0.000
20230423:2309,0.000
20230424:0009,0.000
20230424:0109,0.000
20230424:0209,0.000
20230424:0309,0.000
20230424:0409,0.000
20230424:0509,0.000
20230424:0609,0.000
20230424:0709,12.820
20230424:0809,126.940
20230424:0909,265.660
20230424:1009,376.260
20230424:1109,463.700
20230424:1209,509.590
20230424:1309,516.060
20230424:1409,490.550
20230424:1509,426.550
20230424:1609,333.870
20230424:1709,221.350
20230424:1809,80.560
20230424:1909,4.240
20230424:2009,0.000
20230424:2109,0.000
20230424:2209,0.000
20230424:2309,0.000
20230425:0009,0.000
20230425:0109,0.000
20230425:0209,0.000
20230425:0309,0.000
20230425:0409,0.000
20230425:0509,0.000
20230425:0609,0.000
20230425:0709,17.610
20230425:0809,90.650
20230425:0909,208.000
20230425:1009,312.160
20230425:1109,447.410
20230425:1209,492.190
20230425:1309,487.810
20230425:1409,468.700
20230425:1509,410.710
20230425:1609,330.490
20230425:1709,215.560
20230425:1809,76.280
20230425:1909,4.910
20230425:2009,0.000
20230425:2109,0.000
20230425:2209,0.000
20230425:2309,0.000
20230426:0009,0.000
20230426:0109,0.000
20230426:0209,0.000
20230426:0309,0.000
20230426:0409,0.000
20230426:0509,0.000
20230426:0609,0.000
20230426:0709,17.560
20230426:0809,122.180
20230426:0909,256.960
20230426:1009,365.110
20230426:1109,443.440
20230426:1209,483.020
20230426:1309,487.600
20230426:1409,466.940
20230426:1509,415.090
20230426:1609,330.110
20230426:1709,210.260
20230426:1809,76.210
20230426:1909,0.370
20230426:2009,0.000
20230426:2109,0.000
20230426:2209,0.000
20230426:2309,0.000
20230427:0009,0.000
20230427:0109,0.000
20230427:0209,0.000
20230427:0309,0.000
20230427:0409,0.000
20230427:0509,0.000
20230427:0609,0.000
20230427:0709,14.020
20230427:0809,121.010
20230427:0909,250.170
20230427:1009,360.070
20230427:1109,440.580
20230427:1209,483.790
20230427:1309,486.150
20230427:1409,464.160
20230427:1509,406.340
20230427:1609,319.680
20230427:1709,208.880
20230427:1809,77.260
20230427:1909,5.260
20230427:2009,0.000
20230427:2109,0.000
20230427:2209,0.000
20230427:2309,0.000
20230428:0009,0.000
20230428:0109,0.000
20230428:0209,0.000
20230428:0309,0.000
20230428:0409,0.000
20230428:0509,0.000
20230428:0609,0.000
20230428:0709,14.460
20230428:0809,121.760
20230428:0909,254.000
20230428:1009,359.850
20230428:1109,439.480
20230428:1209,483.530
20230428:1309,493.000
20230428:1409,470.820
20230428:1509,418.380
20230428:1609,329.050
20230428:1709,187.640
20230428:1809,78.930
20230428:1909,4.210
20230428:2009,0.000
20230428:2109,0.000
20230428:2209,0.000
20230428:2309,0.000
20230429:0009,0.000
20230429:0109,0.000
20230429:0209,0.000
20230429:0309,0.000
20230429:0409,0.000
20230429:0509,0.000
20230429:0609,0.000
20230429:0709,14.850
20230429:0809,122.330
20230429:0909,256.430
20230429:1009,362.730
20230429:1109,441.290
20230429:1209,489.860
20230429:1309,496.400
20230429:1409,474.030
20230429:1509,421.370
20230429:1609,331.630
20230429:1709,212.750
20230429:1809,79.470
20230429:1909,5.940
20230429:2009,0.000
20230429:2109,0.000
20230429:2209,0.000
20230429:2309,0.000
20230430:0009,0.000
20230430:0109,0.000
20230430:0209,0.000
20230430:0309,0.000
20230430:0409,0.000
20230430:0509,0.000
20230430:0609,0.000
20230430:0709,15.190
20230430:0809,123.130
20230430:0909,254.340
20230430:1009,359.930
20230430:1109,438.460
20230430:1209,484.750
20230430:1309,495.860
20230430:1409,473.550
20230430:1509,418.090
20230430:1609,329.770
20230430:1709,211.970
20230430:1809,77.930
20230430:1909,5.570
20230430:2009,0.000
20230430:2109,0.000
20230430:2209,0.000
20230430:2309,0.000
20230501:0009,0.000
20230501:0109,0.000
20230501:0209,0.000
20230501:0309,0.000
20230501:0409,0.000
20230501:0509,0.000
20230501:0609,0.000
20230501:0709,15.600
20230501:0809,125.440
20230501:0909,261.120
20230501:1009,365.660
20230501:1109,449.150
20230501:1209,495.990
20230501:1309,501.290
20230501:1409,478.090
20230501:1509,424.120
20230501:1609,333.250
20230501:1709,213.280
20230501:1809,79.210
20230501:1909,5.560
20230501:2009,0.000
20230501:2109,0.000
20230501:2209,0.000
20230501:2309,0.000
20230502:0009,0.000
20230502:0109,0.000
20230502:0209,0.000
20230502:0309,0.000
20230502:0409,0.000
20230502:0509,0.000
20230502:0609,0.000
20230502:0709,0.000
20230502:0809,122.500
20230502:0909,250.270
20230502:1009,345.620
20230502:1109,421.430
20230502:1209,463.090
20230502:1309,471.070
20230502:1409,448.990
20230502:1509,397.210
20230502:1609,311.560
20230502:1709,202.120
20230502:1809,76.370
20230502:1909,6.220
20230502:2009,0.000
20230502:2109,0.000
20230502:2209,0.000
20230502:2309,0.000
20230503:0009,0.000
20230503:0109,0.000
20230503:0209,0.000
20230503:0309,0.000
20230503:0409,0.000
20230503:0509,0.000
20230503:0609,0.000
20230503:0709,15.980
20230503:0809,122.230
20230503:0909,249.140
20230503:1009,353.430
20230503:1109,419.570
20230503:1209,475.970
20230503:1309,472.180
20230503:1409,356.060
20230503:1509,242.120
20230503:1609,232.280
20230503:1709,132.170
20230503:1809,57.040
20230503:1909,6.670
20230503:2009,0.000
20230503:2109,0.000
20230503:2209,0.000
20230503:2309,0.000
20230504:0009,0.000
20230504:0109,0.000
20230504:0209,0.000
20230504:0309,0.000
20230504:0409,0.000
20230504:0509,0.000
20230504:0609,0.000
20230504:0709,18.490
20230504:0809,115.930
20230504:0909,186.790
20230504:1009,268.250
20230504:1109,426.160
20230504:1209,482.970
20230504:1309,495.530
20230504:1409,442.120
20230504:1509,413.750
20230504:1609,260.470
20230504:1709,174.580
20230504:1809,75.690
20230504:1909,7.480
20230504:2009,0.000
20230504:2109,0.000
20230504:2209,0.000
20230504:2309,0.000
20230505:0009,0.000
20230505:0109,0.000
20230505:0209,0.000
20230505:0309,0.000
20230505:0409,0.000
20230505:0509,0.000
20230505:0609,0.000
20230505:0709,24.020
20230505:0809,47.080
20230505:0909,152.820
20230505:1009,352.360
20230505:1109,316.370
20230505:1209,402.270
20230505:1309,436.860
20230505:1409,452.670
20230505:1509,384.350
20230505:1609,288.460
20230505:1709,96.860
20230505:1809,78.570
20230505:1909,8.260
20230505:2009,0.000
20230505:2109,0.000
20230505:2209,0.000
20230505:2309,0.000
20230506:0009,0.000
20230506:0109,0.000
20230506:0209,0.000
20230506:0309,0.000
20230506:0409,0.000
20230506:0509,0.000
20230506:0609,0.000
20230506:0709,24.170
20230506:0809,103.580
20230506:0909,99.380
20230506:1009,236.950
20230506:1109,414.900
20230506:1209,427.170
20230506:1309,355.430
20230506:1409,348.430
20230506:1509,360.330
20230506:1609,208.790
20230506:1709,150.320
20230506:1809,27.320
20230506:1909,4.570
20230506:2009,0.000
20230506:2109,0.000
20230506:2209,0.000
20230506:2309,0.000
20230507:0009,0.000
20230507:0109,0.000
20230507:0209,0.000
20230507:0309,0.000
20230507:0409,0.000
20230507:0509,0.000
20230507:0609,0.000
20230507:0709,19.450
20230507:0809,114.590
20230507:0909,180.120
20230507:1009,306.770
20230507:1109,442.930
20230507:1209,448.180
20230507:1309,383.950
20230507:1409,429.110
20230507:1509,395.910
20230507:1609,307.610
20230507:1709,125.980
20230507:1809,64.000
20230507:1909,5.650
20230507:2009,0.000
20230507:2109,0.000
20230507:2209,0.000
20230507:2309,0.000
20230508:0009,0.000
20230508:0109,0.000
20230508:0209,0.000
20230508:0309,0.000
20230508:0409,0.000
20230508:0509,0.000
20230508:0609,0.000
20230508:0709,25.640
20230508:0809,70.410
20230508:0909,162.590
20230508:1009,200.510
20230508:1109,410.760
20230508:1209,438.250
20230508:1309,473.250
20230508:1409,394.030
20230508:1509,360.850
20230508:1609,272.860
20230508:1709,166.970
20230508:1809,75.400
20230508:1909,9.020
20230508:2009,0.000
20230508:2109,0.000
20230508:2209,0.000
20230508:2309,0.000
20230509:0009,0.000
20230509:0109,0.000
20230509:0209,0.000
20230509:0309,0.000
20230509:0409,0.000
20230509:0509,0.000
20230509:0609,0.000
20230509:0709,18.890
20230509:0809,121.850
20230509:0909,212.150
20230509:1009,312.610
20230509:1109,407.440
20230509:1209,405.240
20230509:1309,417.540
20230509:1409,405.810
20230509:1509,321.370
20230509:1609,186.510
20230509:1709,187.970
20230509:1809,78.980
20230509:1909,8.990
20230509:2009,0.000
20230509:2109,0.000
20230509:2209,0.000
20230509:2309,0.000
20230510:0009,0.000
20230510:0109,0.000
20230510:0209,0.000
20230510:0309,0.000
20230510:0409,0.000
20230510:0509,0.000
20230510:0609,0.000
20230510:0709,26.200
20230510:0809,79.670
20230510:0909,182.340
20230510:1009,212.900
20230510:1109,346.780
20230510:1209,336.710
20230510:1309,344.040
20230510:1409,365.800
20230510:1509,298.280
20230510:1609,206.960
20230510:1709,123.840
20230510:1809,56.090
20230510:1909,8.600
20230510:2009,0.000
20230510:2109,0.000
20230510:2209,0.000
20230510:2309,0.000
20230511:0009,0.000
20230511:0109,0.000
20230511:0209,0.000
20230511:0309,0.000
20230511:0409,0.000
20230511:0509,0.000
20230511:0609,0.000
20230511:0709,25.540
20230511:0809,94.430
20230511:0909,183.490
20230511:1009,314.860
20230511:1109,429.550
20230511:1209,407.270
20230511:1309,426.920
20230511:1409,406.820
20230511:1509,325.610
20230511:1609,237.760
20230511:1709,158.950
20230511:1809,65.210
20230511:1909,9.440
20230511:2009,0.000
20230511:2109,0.000
20230511:2209,0.000
20230511:2309,0.000
20230512:0009,0.000
20230512:0109,0.000
20230512:0209,0.000
20230512:0309,0.000
20230512:0409,0.000
20230512:0509,0.000
20230512:0609,0.000
20230512:0709,26.960
20230512:0809,107.280
20230512:0909,232.730
20230512:1009,295.670
20230512:1109,371.240
20230512:1209,435.330
20230512:1309,410.680
20230512:1409,412.390
20230512:1509,376.330
20230512:1609,275.840
20230512:1709,133.160
20230512:1809,69.460
20230512:1909,9.850
20230512:2009,0.000
20230512:2109,0.000
20230512:2209,0.000
20230512:2309,0.000
20230513:0009,0.000
20230513:0109,0.000
20230513:0209,0.000
20230513:0309,0.000
20230513:0409,0.000
20230513:0509,0.000
20230513:0609,0.000
20230513:0709,24.900
20230513:0809,66.270
20230513:0909,150.920
20230513:1009,210.470
20230513:1109,252.410
20230513:1209,276.470
20230513:1309,394.420
20230513:1409,223.320
20230513:1509,196.900
20230513:1609,234.460
20230513:1709,129.970
20230513:1809,60.910
20230513:1909,7.930
20230513:2009,0.000
20230513:2109,0.000
20230513:2209,0.000
20230513:2309,0.000
20230514:0009,0.000
20230514:0109,0.000
20230514:0209,0.000
20230514:0309,0.000
20230514:0409,0.000
20230514:0509,0.000
20230514:0609,0.000
20230514:0709,25.340
20230514:0809,122.110
20230514:0909,175.780
20230514:1009,261.800
20230514:1109,414.330
20230514:1209,465.690
20230514:1309,469.820
20230514:1409,464.480
20230514:1509,412.980
20230514:1609,316.750
20230514:1709,208.520
20230514:1809,78.080
20230514:1909,11.050
20230514:2009,0.000
20230514:2109,0.000
20230514:2209,0.000
20230514:2309,0.000
20230515:0009,0.000
20230515:0109,0.000
20230515:0209,0.000
20230515:0309,0.000
20230515:0409,0.000
20230515:0509,0.000
20230515:0609,0.000
20230515:0709,26.360
20230515:0809,112.690
20230515:0909,214.080
20230515:1009,313.690
20230515:1109,382.870
20230515:1209,449.020
20230515:1309,462.890
20230515:1409,430.450
20230515:1509,368.070
20230515:1609,239.590
20230515:1709,125.880
20230515:1809,42.360
20230515:1909,7.910
20230515:2009,0.000
20230515:2109,0.000
20230515:2209,0.000
20230515:2309,0.000
20230516:0009,0.000
20230516:0109,0.000
20230516:0209,0.000
20230516:0309,0.000
20230516:0409,0.000
20230516:0509,0.000
20230516:0609,0.000
20230516:0709,20.060
20230516:0809,111.070
20230516:0909,130.760
20230516:1009,150.010
20230516:1109,243.610
20230516:1209,469.220
20230516:1309,432.410
20230516:1409,391.180
20230516:1509,80.490
20230516:1609,140.460
20230516:1709,125.790
20230516:1809,71.030
20230516:1909,11.430
20230516:2009,0.000
20230516:2109,0.000
20230516:2209,0.000
20230516:2309,0.000
20230517:0009,0.000
20230517:0109,0.000
20230517:0209,0.000
20230517:0309,0.000
20230517:0409,0.000
20230517:0509,0.000
20230517:0609,0.000
20230517:0709,28.990
20230517:0809,120.350
20230517:0909,95.760
20230517:1009,244.720
20230517:1109,416.320
20230517:1209,447.290
20230517:1309,306.370
20230517:1409,348.730
20230517:1509,404.010
20230517:1609,326.140
20230517:1709,208.430
20230517:1809,79.810
20230517:1909,10.230
20230517:2009,0.000
20230517:2109,0.000
20230517:2209,0.000
20230517:2309,0.000
20230518:0009,0.000
20230518:0109,0.000
20230518:0209,0.000
20230518:0309,0.000
20230518:0409,0.000
20230518:0509,0.000
20230518:0609,0.000
20230518:0709,29.300
20230518:0809,105.380
20230518:0909,217.540
20230518:1009,246.670
20230518:1109,388.600
20230518:1209,336.470
20230518:1309,418.350
20230518:1409,431.350
20230518:1509,386.210
20230518:1609,318.420
20230518:1709,204.200
20230518:1809,77.530
20230518:1909,12.220
20230518:2009,0.000
20230518:2109,0.000
20230518:2209,0.000
20230518:2309,0.000
20230519:0009,0.000
20230519:0109,0.000
20230519:0209,0.000
20230519:0309,0.000
20230519:0409,0.000
20230519:0509,0.000
20230519:0609,0.000
20230519:0709,28.880
20230519:0809,118.270
20230519:0909,259.610
20230519:1009,257.310
20230519:1109,440.380
20230519:1209,494.270
20230519:1309,499.610
20230519:1409,405.710
20230519:1509,367.600
20230519:1609,297.150
20230519:1709,181.630
20230519:1809,80.750
20230519:1909,9.820
20230519:2009,0.000
20230519:2109,0.000
20230519:2209,0.000
20230519:2309,0.000
20230520:0009,0.000
20230520:0109,0.000
20230520:0209,0.000
20230520:0309,0.000
20230520:0409,0.000
20230520:0509,0.000
20230520:0609,0.000
20230520:0709,23.980
20230520:0809,117.590
20230520:0909,240.190
20230520:1009,289.890
20230520:1109,196.130
20230520:1209,475.620
20230520:1309,394.210
20230520:1409,353.320
20230520:1509,182.730
20230520:1609,176.580
20230520:1709,151.690
20230520:1809,74.320
20230520:1909,13.510
20230520:2009,0.000
20230520:2109,0.000
20230520:2209,0.000
20230520:2309,0.000
20230521:0009,0.000
20230521:0109,0.000
20230521:0209,0.000
20230521:0309,0.000
20230521:0409,0.000
20230521:0509,0.000
20230521:0609,0.000
20230521:0709,19.310
20230521:0809,127.460
20230521:0909,251.080
20230521:1009,267.670
20230521:1109,419.360
20230521:1209,437.150
20230521:1309,453.430
20230521:1409,448.080
20230521:1509,306.600
20230521:1609,130.870
20230521:1709,195.830
20230521:1809,80.480
20230521:1909,13.470
20230521:2009,0.000
20230521:2109,0.000
20230521:2209,0.000
20230521:2309,0.000
20230522:0009,0.000
20230522:0109,0.000
20230522:0209,0.000
20230522:0309,0.000
20230522:0409,0.000
20230522:0509,0.000
20230522:0609,0.000
20230522:0709,20.810
20230522:0809,76.640
20230522:0909,235.130
20230522:1009,334.480
20230522:1109,394.310
20230522:1209,350.240
20230522:1309,438.980
20230522:1409,330.620
20230522:1509,382.840
20230522:1609,296.840
20230522:1709,205.650
20230522:1809,77.430
20230522:1909,13.480
20230522:2009,0.000
20230522:2109,0.000
20230522:2209,0.000
20230522:2309,0.000
20230523:0009,0.000
20230523:0109,0.000
20230523:0209,0.000
20230523:0309,0.000
20230523:0409,0.000
20230523:0509,0.000
20230523:0609,0.000
20230523:0709,23.860
20230523:0809,100.190
20230523:0909,227.940
20230523:1009,216.440
20230523:1109,321.370
20230523:1209,87.970
20230523:1309,347.320
20230523:1409,411.500
20230523:1509,378.110
20230523:1609,315.290
20230523:1709,204.980
20230523:1809,80.670
20230523:1909,12.660
20230523:2009,0.000
20230523:2109,0.000
20230523:2209,0.000
20230523:2309,0.000
20230524:0009,0.000
20230524:0109,0.000
20230524:0209,0.000
20230524:0309,0.000
20230524:0409,0.000
20230524:0509,0.000
20230524:0609,0.000
20230524:0709,26.600
20230524:0809,66.020
20230524:0909,182.560
20230524:1009,319.650
20230524:1109,417.050
20230524:1209,357.290
20230524:1309,323.380
20230524:1409,424.240
20230524:1509,380.060
20230524:1609,297.880
20230524:1709,196.540
20230524:1809,80.790
20230524:1909,11.000
20230524:2009,0.000
20230524:2109,0.000
20230524:2209,0.000
20230524:2309,0.000
20230525:0009,0.000
20230525:0109,0.000
20230525:0209,0.000
20230525:0309,0.000
20230525:0409,0.000
20230525:0509,0.000
20230525:0609,0.000
20230525:0709,28.030
20230525:0809,84.720
20230525:0909,178.590
20230525:1009,205.570
20230525:1109,178.420
20230525:1209,119.290
20230525:1309,234.640
20230525:1409,277.180
20230525:1509,316.280
20230525:1609,271.560
20230525:1709,165.890
20230525:1809,68.690
20230525:1909,11.410
20230525:2009,0.000
20230525:2109,0.000
20230525:2209,0.000
20230525:2309,0.000
20230526:0009,0.000
20230526:0109,0.000
20230526:0209,0.000
20230526:0309,0.000
20230526:0409,0.000
20230526:0509,0.000
20230526:0609,0.000
20230526:0709,23.500
20230526:0809,121.770
20230526:0909,229.900
20230526:1009,342.950
20230526:1109,415.740
20230526:1209,405.790
20230526:1309,229.910
20230526:1409,219.280
20230526:1509,257.710
20230526:1609,239.790
20230526:1709,151.090
20230526:1809,77.840
20230526:1909,14.700
20230526:2009,0.000
20230526:2109,0.000
20230526:2209,0.000
20230526:2309,0.000
20230527:0009,0.000
20230527:0109,0.000
20230527:0209,0.000
20230527:0309,0.000
20230527:0409,0.000
20230527:0509,0.000
20230527:0609,0.000
20230527:0709,20.050
20230527:0809,121.810
20230527:0909,239.270
20230527:1009,324.460
20230527:1109,173.950
20230527:1209,201.180
20230527:1309,200.500
20230527:1409,295.580
20230527:1509,178.420
20230527:1609,247.530
20230527:1709,177.440
20230527:1809,78.290
20230527:1909,14.630
20230527:2009,0.000
20230527:2109,0.000
20230527:2209,0.000
20230527:2309,0.000
20230528:0009,0.000
20230528:0109,0.000
20230528:0209,0.000
20230528:0309,0.000
20230528:0409,0.000
20230528:0509,0.000
20230528:0609,0.000
20230528:0709,19.890
20230528:0809,121.710
20230528:0909,241.600
20230528:1009,340.150
20230528:1109,417.440
20230528:1209,453.430
20230528:1309,441.790
20230528:1409,408.370
20230528:1509,378.040
20230528:1609,302.880
20230528:1709,175.410
20230528:1809,75.810
20230528:1909,15.010
20230528:2009,0.000
20230528:2109,0.000
20230528:2209,0.000
20230528:2309,0.000
20230529:0009,0.000
20230529:0109,0.000
20230529:0209,0.000
20230529:0309,0.000
20230529:0409,0.000
20230529:0509,0.000
20230529:0609,0.000
20230529:0709,19.850
20230529:0809,121.280
20230529:0909,241.330
20230529:1009,329.830
20230529:1109,374.700
20230529:1209,364.760
20230529:1309,315.420
20230529:1409,241.450
20230529:1509,345.880
20230529:1609,303.820
20230529:1709,199.010
20230529:1809,80.090
20230529:1909,15.010
20230529:2009,0.000
20230529:2109,0.000
20230529:2209,0.000
20230529:2309,0.000
20230530:0009,0.000
20230530:0109,0.000
20230530:0209,0.000
20230530:0309,0.000
20230530:0409,0.000
20230530:0509,0.000
20230530:0609,0.000
20230530:0709,22.130
20230530:0809,121.530
20230530:0909,237.360
20230530:1009,349.280
20230530:1109,428.510
20230530:1209,461.490
20230530:1309,463.500
20230530:1409,419.380
20230530:1509,381.980
20230530:1609,270.320
20230530:1709,163.340
20230530:1809,81.010
20230530:1909,12.930
20230530:2009,0.000
20230530:2109,0.000
20230530:2209,0.000
20230530:2309,0.000
20230531:0009,0.000
20230531:0109,0.000
20230531:0209,0.000
20230531:0309,0.000
20230531:0409,0.000
20230531:0509,0.000
20230531:0609,0.000
20230531:0709,18.670
20230531:0809,122.370
20230531:0909,245.920
20230531:1009,346.270
20230531:1109,422.440
20230531:1209,458.630
20230531:1309,466.990
20230531:1409,427.990
20230531:1509,352.240
20230531:1609,307.930
20230531:1709,174.000
20230531:1809,79.150
20230531:1909,16.610
20230531:2009,0.000
20230531:2109,0.000
20230531:2209,0.000
20230531:2309,0.000
20230601:0009,0.000
20230601:0109,0.000
20230601:0209,0.000
20230601:0309,0.000
20230601:0409,0.000
20230601:0509,0.000
20230601:0609,0.000
20230601:0709,20.580
20230601:0809,118.380
20230601:0909,105.850
20230601:1009,119.170
20230601:1109,112.470
20230601:1209,39.810
20230601:1309,43.510
20230601:1409,54.260
20230601:1509,100.420
20230601:1609,91.640
20230601:1709,82.000
20230601:1809,25.360
20230601:1909,14.540
20230601:2009,0.000
20230601:2109,0.000
20230601:2209,0.000
20230601:2309,0.000
20230602:0009,0.000
20230602:0109,0.000
20230602:0209,0.000
20230602:0309,0.000
20230602:0409,0.000
20230602:0509,0.000
20230602:0609,0.000
20230602:0709,22.660
20230602:0809,115.650
20230602:0909,230.020
20230602:1009,263.820
20230602:1109,408.320
20230602:1209,396.380
20230602:1309,449.470
20230602:1409,459.430
20230602:1509,384.580
20230602:1609,291.300
20230602:1709,178.700
20230602:1809,79.580
20230602:1909,16.600
20230602:2009,0.000
20230602:2109,0.000
20230602:2209,0.000
20230602:2309,0.000
20230603:0009,0.000
20230603:0109,0.000
20230603:0209,0.000
20230603:0309,0.000
20230603:0409,0.000
20230603:0509,0.000
20230603:0609,0.000
20230603:0709,29.280
20230603:0809,112.790
20230603:0909,220.770
20230603:1009,320.130
20230603:1109,411.420
20230603:1209,452.150
20230603:1309,478.060
20230603:1409,455.930
20230603:1509,403.320
20230603:1609,316.770
20230603:1709,207.690
20230603:1809,81.500
20230603:1909,13.280
20230603:2009,0.000
20230603:2109,0.000
20230603:2209,0.000
20230603:2309,0.000
20230604:0009,0.000
20230604:0109,0.000
20230604:0209,0.000
20230604:0309,0.000
20230604:0409,0.000
20230604:0509,0.000
20230604:0609,0.000
20230604:0709,28.280
20230604:0809,119.020
20230604:0909,238.820
20230604:1009,337.640
20230604:1109,412.310
20230604:1209,437.640
20230604:1309,402.100
20230604:1409,391.770
20230604:1509,312.800
20230604:1609,203.740
20230604:1709,161.140
20230604:1809,78.530
20230604:1909,14.470
20230604:2009,0.000
20230604:2109,0.000
20230604:2209,0.000
20230604:2309,0.000
20230605:0009,0.000
20230605:0109,0.000
20230605:0209,0.000
20230605:0309,0.000
20230605:0409,0.000
20230605:0509,0.000
20230605:0609,0.000
20230605:0709,27.150
20230605:0809,92.100
20230605:0909,225.610
20230605:1009,89.830
20230605:1109,103.760
20230605:1209,72.620
20230605:1309,305.080
20230605:1409,362.540
20230605:1509,236.630
20230605:1609,180.950
20230605:1709,144.110
20230605:1809,72.800
20230605:1909,16.510
20230605:2009,0.000
20230605:2109,0.000
20230605:2209,0.000
20230605:2309,0.000
20230606:0009,0.000
20230606:0109,0.000
20230606:0209,0.000
20230606:0309,0.000
20230606:0409,0.000
20230606:0509,0.000
20230606:0609,0.000
20230606:0709,0.000
20230606:0809,93.730
20230606:0909,39.070
20230606:1009,165.250
20230606:1109,313.370
20230606:1209,33.140
20230606:1309,50.800
20230606:1409,32.720
20230606:1509,28.210
20230606:1609,22.010
20230606:1709,23.390
20230606:1809,6.600
20230606:1909,10.430
20230606:2009,0.000
20230606:2109,0.000
20230606:2209,0.000
20230606:2309,0.000
20230607:0009,0.000
20230607:0109,0.000
20230607:0209,0.000
20230607:0309,0.000
20230607:0409,0.000
20230607:0509,0.000
20230607:0609,0.000
20230607:0709,29.150
20230607:0809,63.350
20230607:0909,42.350
20230607:1009,244.790
20230607:1109,241.440
20230607:1209,272.430
20230607:1309,236.120
20230607:1409,385.250
20230607:1509,327.050
20230607:1609,232.120
20230607:1709,144.000
20230607:1809,64.070
20230607:1909,16.820
20230607:2009,0.000
20230607:2109,0.000
20230607:2209,0.000
20230607:2309,0.000
20230608:0009,0.000
20230608:0109,0.000
20230608:0209,0.000
20230608:0309,0.000
20230608:0409,0.000
20230608:0509,0.000
20230608:0609,0.000
20230608:0709,23.920
20230608:0809,114.070
20230608:0909,155.200
20230608:1009,166.550
20230608:1109,210.130
20230608:1209,207.800
20230608:1309,84.470
20230608:1409,65.600
20230608:1509,135.050
20230608:1609,90.880
20230608:1709,55.380
20230608:1809,73.950
20230608:1909,1.100
20230608:2009,0.000
20230608:2109,0.000
20230608:2209,0.000
20230608:2309,0.000
20230609:0009,0.000
20230609:0109,0.000
20230609:0209,0.000
20230609:0309,0.000
20230609:0409,0.000
20230609:0509,0.000
20230609:0609,0.000
20230609:0709,17.930
20230609:0809,106.830
20230609:0909,139.750
20230609:1009,200.240
20230609:1109,107.860
20230609:1209,136.720
20230609:1309,100.940
20230609:1409,85.310
20230609:1509,85.310
20230609:1609,79.160
20230609:1709,65.940
20230609:1809,37.270
20230609:1909,10.510
20230609:2009,0.000
20230609:2109,0.000
20230609:2209,0.000
20230609:2309,0.000
20230610:0009,0.000
20230610:0109,0.000
20230610:0209,0.000
20230610:0309,0.000
20230610:0409,0.000
20230610:0509,0.000
20230610:0609,0.000
20230610:0709,18.630
20230610:0809,115.340
20230610:0909,229.630
20230610:1009,299.110
20230610:1109,309.730
20230610:1209,95.720
20230610:1309,68.110
20230610:1409,48.220
20230610:1509,100.750
20230610:1609,110.630
20230610:1709,145.700
20230610:1809,79.330
20230610:1909,18.670
20230610:2009,0.000
20230610:2109,0.000
20230610:2209,0.000
20230610:2309,0.000
20230611:0009,0.000
20230611:0109,0.000
20230611:0209,0.000
20230611:0309,0.000
20230611:0409,0.000
20230611:0509,0.000
20230611:0609,0.000
20230611:0709,18.150
20230611:0809,116.630
20230611:0909,238.880
20230611:1009,332.500
20230611:1109,403.010
20230611:1209,448.460
20230611:1309,466.760
20230611:1409,448.610
20230611:1509,400.400
20230611:1609,315.320
20230611:1709,207.580
20230611:1809,84.240
20230611:1909,16.080
20230611:2009,0.000
20230611:2109,0.000
20230611:2209,0.000
20230611:2309,0.000
20230612:0009,0.000
20230612:0109,0.000
20230612:0209,0.000
20230612:0309,0.000
20230612:0409,0.000
20230612:0509,0.000
20230612:0609,0.000
20230612:0709,18.350
20230612:0809,115.490
20230612:0909,0.000
20230612:1009,322.820
20230612:1109,361.850
20230612:1209,400.660
20230612:1309,401.820
20230612:1409,414.130
20230612:1509,344.830
20230612:1609,274.180
20230612:1709,149.320
20230612:1809,60.710
20230612:1909,12.000
20230612:2009,0.000
20230612:2109,0.000
20230612:2209,0.000
20230612:2309,0.000
20230613:0009,0.000
20230613:0109,0.000
20230613:0209,0.000
20230613:0309,0.000
20230613:0409,0.000
20230613:0509,0.000
20230613:0609,0.000
20230613:0709,22.340
20230613:0809,95.660
20230613:0909,199.730
20230613:1009,279.230
20230613:1109,320.090
20230613:1209,386.840
20230613:1309,443.370
20230613:1409,448.970
20230613:1509,385.810
20230613:1609,297.030
20230613:1709,177.270
20230613:1809,86.350
20230613:1909,20.000
20230613:2009,0.000
20230613:2109,0.000
20230613:2209,0.000
20230613:2309,0.000
20230614:0009,0.000
20230614:0109,0.000
20230614:0209,0.000
20230614:0309,0.000
20230614:0409,0.000
20230614:0509,0.000
20230614:0609,0.000
20230614:0709,31.010
20230614:0809,112.820
20230614:0909,176.940
20230614:1009,219.740
20230614:1109,340.900
20230614:1209,357.910
20230614:1309,436.120
20230614:1409,447.640
20230614:1509,413.950
20230614:1609,328.850
20230614:1709,215.380
20230614:1809,87.230
20230614:1909,20.340
20230614:2009,0.000
20230614:2109,0.000
20230614:2209,0.000
20230614:2309,0.000
20230615:0009,0.000
20230615:0109,0.000
20230615:0209,0.000
20230615:0309,0.000
20230615:0409,0.000
20230615:0509,0.000
20230615:0609,0.000
20230615:0709,28.370
20230615:0809,113.510
20230615:0909,201.100
20230615:1009,332.110
20230615:1109,414.560
20230615:1209,450.190
20230615:1309,466.320
20230615:1409,448.540
20230615:1509,407.660
20230615:1609,307.110
20230615:1709,199.510
20230615:1809,86.070
20230615:1909,19.080
20230615:2009,0.000
20230615:2109,0.000
20230615:2209,0.000
20230615:2309,0.000
20230616:0009,0.000
20230616:0109,0.000
20230616:0209,0.000
20230616:0309,0.000
20230616:0409,0.000
20230616:0509,0.000
20230616:0609,0.000
20230616:0709,26.550
20230616:0809,115.190
20230616:0909,245.110
20230616:1009,346.280
20230616:1109,417.700
20230616:1209,451.790
20230616:1309,465.110
20230616:1409,452.320
20230616:1509,397.780
20230616:1609,315.990
20230616:1709,203.800
20230616:1809,87.020
20230616:1909,15.630
20230616:2009,0.000
20230616:2109,0.000
20230616:2209,0.000
20230616:2309,0.000
20230617:0009,0.000
20230617:0109,0.000
20230617:0209,0.000
20230617:0309,0.000
20230617:0409,0.000
20230617:0509,0.000
20230617:0609,0.000
20230617:0709,27.490
20230617:0809,110.850
20230617:0909,212.070
20230617:1009,327.450
20230617:1109,395.160
20230617:1209,427.010
20230617:1309,458.080
20230617:1409,443.510
20230617:1509,373.990
20230617:1609,305.260
20230617:1709,177.240
20230617:1809,87.890
20230617:1909,20.710
20230617:2009,0.000
20230617:2109,0.000
20230617:2209,0.000
20230617:2309,0.000
20230618:0009,0.000
20230618:0109,0.000
20230618:0209,0.000
20230618:0309,0.000
20230618:0409,0.000
20230618:0509,0.000
20230618:0609,0.000
20230618:0709,30.280
20230618:0809,58.650
20230618:0909,132.860
20230618:1009,172.130
20230618:1109,131.380
20230618:1209,404.530
20230618:1309,463.760
20230618:1409,448.110
20230618:1509,392.050
20230618:1609,311.500
20230618:1709,203.520
20230618:1809,87.290
20230618:1909,16.070
20230618:2009,0.000
20230618:2109,0.000
20230618:2209,0.000
20230618:2309,0.000
20230619:0009,0.000
20230619:0109,0.000
20230619:0209,0.000
20230619:0309,0.000
20230619:0409,0.000
20230619:0509,0.000
20230619:0609,0.000
20230619:0709,24.350
20230619:0809,105.040
20230619:0909,201.690
20230619:1009,317.220
20230619:1109,395.670
20230619:1209,401.590
20230619:1309,394.000
20230619:1409,216.050
20230619:1509,106.210
20230619:1609,115.240
20230619:1709,68.830
20230619:1809,31.420
20230619:1909,13.990
20230619:2009,0.000
20230619:2109,0.000
20230619:2209,0.000
20230619:2309,0.000
20230620:0009,0.000
20230620:0109,0.000
20230620:0209,0.000
20230620:0309,0.000
20230620:0409,0.000
20230620:0509,0.000
20230620:0609,0.000
20230620:0709,29.650
20230620:0809,92.930
20230620:0909,146.420
20230620:1009,240.610
20230620:1109,272.260
20230620:1209,223.070
20230620:1309,201.220
20230620:1409,61.990
20230620:1509,56.860
20230620:1609,58.750
20230620:1709,99.220
20230620:1809,86.690
20230620:1909,18.570
20230620:2009,0.000
20230620:2109,0.000
20230620:2209,0.000
20230620:2309,0.000
20230621:0009,0.000
20230621:0109,0.000
20230621:0209,0.000
20230621:0309,0.000
20230621:0409,0.000
20230621:0509,0.000
20230621:0609,0.000
20230621:0709,19.110
20230621:0809,44.700
20230621:0909,148.060
20230621:1009,152.380
20230621:1109,56.480
20230621:1209,57.370
20230621:1309,107.360
20230621:1409,85.540
20230621:1509,129.160
20230621:1609,146.660
20230621:1709,145.630
20230621:1809,86.050
20230621:1909,20.660
20230621:2009,0.000
20230621:2109,0.000
20230621:2209,0.000
20230621:2309,0.000
20230622:0009,0.000
20230622:0109,0.000
20230622:0209,0.000
20230622:0309,0.000
20230622:0409,0.000
20230622:0509,0.000
20230622:0609,0.000
20230622:0709,22.290
20230622:0809,107.300
20230622:0909,136.700
20230622:1009,177.620
20230622:1109,281.230
20230622:1209,393.760
20230622:1309,420.510
20230622:1409,292.220
20230622:1509,262.850
20230622:1609,164.340
20230622:1709,81.880
20230622:1809,76.130
20230622:1909,21.570
20230622:2009,0.000
20230622:2109,0.000
20230622:2209,0.000
20230622:2309,0.000
20230623:0009,0.000
20230623:0109,0.000
20230623:0209,0.000
20230623:0309,0.000
20230623:0409,0.000
20230623:0509,0.000
20230623:0609,0.000
20230623:0709,15.950
20230623:0809,48.740
20230623:0909,166.250
20230623:1009,325.970
20230623:1109,351.350
20230623:1209,370.620
20230623:1309,462.590
20230623:1409,429.260
20230623:1509,395.020
20230623:1609,311.850
20230623:1709,194.440
20230623:1809,51.240
20230623:1909,15.670
20230623:2009,0.000
20230623:2109,0.000
20230623:2209,0.000
20230623:2309,0.000
20230624:0009,0.000
20230624:0109,0.000
20230624:0209,0.000
20230624:0309,0.000
20230624:0409,0.000
20230624:0509,0.000
20230624:0609,0.000
20230624:0709,24.400
20230624:0809,44.150
20230624:0909,234.400
20230624:1009,292.570
20230624:1109,392.030
20230624:1209,424.050
20230624:1309,428.280
20230624:1409,417.760
20230624:1509,387.030
20230624:1609,305.330
20230624:1709,196.360
20230624:1809,91.590
20230624:1909,21.200
20230624:2009,0.000
20230624:2109,0.000
20230624:2209,0.000
20230624:2309,0.000
20230625:0009,0.000
20230625:0109,0.000
20230625:0209,0.000
20230625:0309,0.000
20230625:0409,0.000
20230625:0509,0.000
20230625:0609,0.000
20230625:0709,27.280
20230625:0809,109.360
20230625:0909,165.650
20230625:1009,245.420
20230625:1109,306.900
20230625:1209,394.340
20230625:1309,302.710
20230625:1409,394.670
20230625:1509,320.270
20230625:1609,174.010
20230625:1709,126.520
20230625:1809,88.950
20230625:1909,22.330
20230625:2009,0.000
20230625:2109,0.000
20230625:2209,0.000
20230625:2309,0.000
20230626:0009,0.000
20230626:0109,0.000
20230626:0209,0.000
20230626:0309,0.000
20230626:0409,0.000
20230626:0509,0.000
20230626:0609,0.000
20230626:0709,20.080
20230626:0809,109.130
20230626:0909,218.010
20230626:1009,283.660
20230626:1109,279.210
20230626:1209,376.560
20230626:1309,420.140
20230626:1409,427.160
20230626:1509,374.270
20230626:1609,296.860
20230626:1709,200.300
20230626:1809,88.770
20230626:1909,19.120
20230626:2009,0.000
20230626:2109,0.000
20230626:2209,0.000
20230626:2309,0.000
20230627:0009,0.000
20230627:0109,0.000
20230627:0209,0.000
20230627:0309,0.000
20230627:0409,0.000
20230627:0509,0.000
20230627:0609,0.000
20230627:0709,14.980
20230627:0809,107.200
20230627:0909,226.740
20230627:1009,314.760
20230627:1109,390.190
20230627:1209,429.230
20230627:1309,441.610
20230627:1409,422.000
20230627:1509,376.280
20230627:1609,299.680
20230627:1709,198.370
20230627:1809,89.090
20230627:1909,20.980
20230627:2009,0.000
20230627:2109,0.000
20230627:2209,0.000
20230627:2309,0.000
20230628:0009,0.000
20230628:0109,0.000
20230628:0209,0.000
20230628:0309,0.000
20230628:0409,0.000
20230628:0509,0.000
20230628:0609,0.000
20230628:0709,19.210
20230628:0809,107.660
20230628:0909,225.820
20230628:1009,329.980
20230628:1109,396.530
20230628:1209,436.460
20230628:1309,451.450
20230628:1409,436.210
20230628:1509,381.000
20230628:1609,297.230
20230628:1709,195.710
20230628:1809,89.950
20230628:1909,21.450
20230628:2009,0.000
20230628:2109,0.000
20230628:2209,0.000
20230628:2309,0.000
20230629:0009,0.000
20230629:0109,0.000
20230629:0209,0.000
20230629:0309,0.000
20230629:0409,0.000
20230629:0509,0.000
20230629:0609,0.000
20230629:0709,21.340
20230629:0809,107.470
20230629:0909,225.140
20230629:1009,331.760
20230629:1109,399.900
20230629:1209,443.450
20230629:1309,454.380
20230629:1409,437.120
20230629:1509,381.920
20230629:1609,295.450
20230629:1709,195.600
20230629:1809,91.230
20230629:1909,22.620
20230629:2009,0.000
20230629:2109,0.000
20230629:2209,0.000
20230629:2309,0.000
20230630:0009,0.000
20230630:0109,0.000
20230630:0209,0.000
20230630:0309,0.000
20230630:0409,0.000
20230630:0509,0.000
20230630:0609,0.000
20230630:0709,24.050
20230630:0809,106.510
20230630:0909,204.340
20230630:1009,285.970
20230630:1109,0.000
20230630:1209,429.400
20230630:1309,427.340
20230630:1409,290.900
20230630:1509,304.940
20230630:1609,206.530
20230630:1709,145.200
20230630:1809,71.150
20230630:1909,18.600
20230630:2009,0.000
20230630:2109,0.000
20230630:2209,0.000
20230630:2309,0.000
20230701:0009,0.000
20230701:0109,0.000
20230701:0209,0.000
20230701:0309,0.000
20230701:0409,0.000
20230701:0509,0.000
20230701:0609,0.000
20230701:0709,26.750
20230701:0809,93.510
20230701:0909,103.180
20230701:1009,103.240
20230701:1109,84.570
20230701:1209,329.910
20230701:1309,368.390
20230701:1409,307.540
20230701:1509,294.970
20230701:1609,228.380
20230701:1709,138.990
20230701:1809,85.030
20230701:1909,22.970
20230701:2009,0.000
20230701:2109,0.000
20230701:2209,0.000
20230701:2309,0.000
20230702:0009,0.000
20230702:0109,0.000
20230702:0209,0.000
20230702:0309,0.000
20230702:0409,0.000
20230702:0509,0.000
20230702:0609,0.000
20230702:0709,27.040
20230702:0809,87.930
20230702:0909,159.730
20230702:1009,253.870
20230702:1109,347.270
20230702:1209,374.740
20230702:1309,452.210
20230702:1409,400.460
20230702:1509,361.780
20230702:1609,290.710
20230702:1709,170.950
20230702:1809,92.480
20230702:1909,20.350
20230702:2009,0.000
20230702:2109,0.000
20230702:2209,0.000
20230702:2309,0.000
20230703:0009,0.000
20230703:0109,0.000
20230703:0209,0.000
20230703:0309,0.000
20230703:0409,0.000
20230703:0509,0.000
20230703:0609,0.000
20230703:0709,20.470
20230703:0809,73.810
20230703:0909,68.710
20230703:1009,198.310
20230703:1109,318.880
20230703:1209,416.830
20230703:1309,441.100
20230703:1409,418.630
20230703:1509,377.030
20230703:1609,300.430
20230703:1709,190.420
20230703:1809,90.620
20230703:1909,20.210
20230703:2009,0.000
20230703:2109,0.000
20230703:2209,0.000
20230703:2309,0.000
20230704:0009,0.000
20230704:0109,0.000
20230704:0209,0.000
20230704:0309,0.000
20230704:0409,0.000
20230704:0509,0.000
20230704:0609,0.000
20230704:0709,25.670
20230704:0809,97.480
20230704:0909,150.580
20230704:1009,237.360
20230704:1109,331.030
20230704:1209,362.120
20230704:1309,372.700
20230704:1409,422.740
20230704:1509,370.700
20230704:1609,291.380
20230704:1709,181.220
20230704:1809,89.560
20230704:1909,20.430
20230704:2009,0.000
20230704:2109,0.000
20230704:2209,0.000
20230704:2309,0.000
20230705:0009,0.000
20230705:0109,0.000
20230705:0209,0.000
20230705:0309,0.000
20230705:0409,0.000
20230705:0509,0.000
20230705:0609,0.000
20230705:0709,0.000
20230705:0809,97.550
20230705:0909,206.350
20230705:1009,288.790
20230705:1109,331.090
20230705:1209,332.000
20230705:1309,411.740
20230705:1409,420.010
20230705:1509,385.520
20230705:1609,289.720
20230705:1709,187.450
20230705:1809,85.460
20230705:1909,20.310
20230705:2009,0.000
20230705:2109,0.000
20230705:2209,0.000
20230705:2309,0.000
20230706:0009,0.000
20230706:0109,0.000
20230706:0209,0.000
20230706:0309,0.000
20230706:0409,0.000
20230706:0509,0.000
20230706:0609,0.000
20230706:0709,20.730
20230706:0809,82.910
20230706:0909,133.440
20230706:1009,192.290
20230706:1109,318.060
20230706:1209,432.710
20230706:1309,423.290
20230706:1409,401.600
20230706:1509,323.900
20230706:1609,270.550
20230706:1709,181.260
20230706:1809,91.010
20230706:1909,20.690
20230706:2009,0.000
20230706:2109,0.000
20230706:2209,0.000
20230706:2309,0.000
20230707:0009,0.000
20230707:0109,0.000
20230707:0209,0.000
20230707:0309,0.000
20230707:0409,0.000
20230707:0509,0.000
20230707:0609,0.000
20230707:0709,25.260
20230707:0809,100.370
20230707:0909,221.110
20230707:1009,300.900
20230707:1109,140.380
20230707:1209,409.890
20230707:1309,395.610
20230707:1409,455.330
20230707:1509,380.690
20230707:1609,314.960
20230707:1709,154.930
20230707:1809,77.440
20230707:1909,20.460
20230707:2009,0.000
20230707:2109,0.000
20230707:2209,0.000
20230707:2309,0.000
20230708:0009,0.000
20230708:0109,0.000
20230708:0209,0.000
20230708:0309,0.000
20230708:0409,0.000
20230708:0509,0.000
20230708:0609,0.000
20230708:0709,22.820
20230708:0809,104.460
20230708:0909,140.590
20230708:1009,225.800
20230708:1109,327.990
20230708:1209,395.210
20230708:1309,412.410
20230708:1409,404.230
20230708:1509,386.050
20230708:1609,305.680
20230708:1709,191.650
20230708:1809,95.030
20230708:1909,17.050
20230708:2009,0.000
20230708:2109,0.000
20230708:2209,0.000
20230708:2309,0.000
20230709:0009,0.000
20230709:0109,0.000
20230709:0209,0.000
20230709:0309,0.000
20230709:0409,0.000
20230709:0509,0.000
20230709:0609,0.000
20230709:0709,20.560
20230709:0809,94.620
20230709:0909,171.040
20230709:1009,286.070
20230709:1109,342.020
20230709:1209,406.750
20230709:1309,423.540
20230709:1409,441.690
20230709:1509,388.870
20230709:1609,285.680
20230709:1709,181.490
20230709:1809,94.120
20230709:1909,20.790
20230709:2009,0.000
20230709:2109,0.000
20230709:2209,0.000
20230709:2309,0.000
20230710:0009,0.000
20230710:0109,0.000
20230710:0209,0.000
20230710:0309,0.000
20230710:0409,0.000
20230710:0509,0.000
20230710:0609,0.000
20230710:0709,22.720
20230710:0809,106.780
20230710:0909,227.160
20230710:1009,332.820
20230710:1109,410.140
20230710:1209,456.820
20230710:1309,468.620
20230710:1409,457.610
20230710:1509,402.970
20230710:1609,317.140
20230710:1709,211.080
20230710:1809,96.160
20230710:1909,18.220
20230710:2009,0.000
20230710:2109,0.000
20230710:2209,0.000
20230710:2309,0.000
20230711:0009,0.000
20230711:0109,0.000
20230711:0209,0.000
20230711:0309,0.000
20230711:0409,0.000
20230711:0509,0.000
20230711:0609,0.000
20230711:0709,21.640
20230711:0809,101.730
20230711:0909,209.570
20230711:1009,329.930
20230711:1109,394.310
20230711:1209,452.000
20230711:1309,461.420
20230711:1409,447.790
20230711:1509,394.800
20230711:1609,306.580
20230711:1709,199.760
20230711:1809,93.380
20230711:1909,15.700
20230711:2009,0.000
20230711:2109,0.000
20230711:2209,0.000
20230711:2309,0.000
20230712:0009,0.000
20230712:0109,0.000
20230712:0209,0.000
20230712:0309,0.000
20230712:0409,0.000
20230712:0509,0.000
20230712:0609,0.000
20230712:0709,23.510
20230712:0809,100.760
20230712:0909,209.860
20230712:1009,320.860
20230712:1109,375.760
20230712:1209,443.470
20230712:1309,451.780
20230712:1409,437.520
20230712:1509,387.980
20230712:1609,300.900
20230712:1709,196.270
20230712:1809,92.180
20230712:1909,20.870
20230712:2009,0.000
20230712:2109,0.000
20230712:2209,0.000
20230712:2309,0.000
20230713:0009,0.000
20230713:0109,0.000
20230713:0209,0.000
20230713:0309,0.000
20230713:0409,0.000
20230713:0509,0.000
20230713:0609,0.000
20230713:0709,20.000
20230713:0809,100.150
20230713:0909,218.560
20230713:1009,322.190
20230713:1109,393.460
20230713:1209,443.340
20230713:1309,451.210
20230713:1409,445.280
20230713:1509,392.830
20230713:1609,307.990
20230713:1709,200.180
20230713:1809,90.670
20230713:1909,20.420
20230713:2009,0.000
20230713:2109,0.000
20230713:2209,0.000
20230713:2309,0.000
20230714:0009,0.000
20230714:0109,0.000
20230714:0209,0.000
20230714:0309,0.000
20230714:0409,0.000
20230714:0509,0.000
20230714:0609,0.000
20230714:0709,22.890
20230714:0809,97.140
20230714:0909,206.870
20230714:1009,274.640
20230714:1109,399.020
20230714:1209,443.080
20230714:1309,458.550
20230714:1409,282.640
20230714:1509,397.460
20230714:1609,160.820
20230714:1709,211.680
20230714:1809,94.990
20230714:1909,18.880
20230714:2009,0.000
20230714:2109,0.000
20230714:2209,0.000
20230714:2309,0.000
20230715:0009,0.000
20230715:0109,0.000
20230715:0209,0.000
20230715:0309,0.000
20230715:0409,0.000
20230715:0509,0.000
20230715:0609,0.000
20230715:0709,23.050
20230715:0809,53.020
20230715:0909,85.230
20230715:1009,111.060
20230715:1109,166.220
20230715:1209,207.350
20230715:1309,242.760
20230715:1409,351.530
20230715:1509,329.100
20230715:1609,252.310
20230715:1709,133.010
20230715:1809,58.610
20230715:1909,20.290
20230715:2009,0.000
20230715:2109,0.000
20230715:2209,0.000
20230715:2309,0.000
20230716:0009,0.000
20230716:0109,0.000
20230716:0209,0.000
20230716:0309,0.000
20230716:0409,0.000
20230716:0509,0.000
20230716:0609,0.000
20230716:0709,19.070
20230716:0809,79.250
20230716:0909,82.110
20230716:1009,160.870
20230716:1109,332.120
20230716:1209,428.720
20230716:1309,476.110
20230716:1409,344.250
20230716:1509,353.230
20230716:1609,232.510
20230716:1709,188.690
20230716:1809,84.040
20230716:1909,17.550
20230716:2009,0.000
20230716:2109,0.000
20230716:2209,0.000
20230716:2309,0.000
20230717:0009,0.000
20230717:0109,0.000
20230717:0209,0.000
20230717:0309,0.000
20230717:0409,0.000
20230717:0509,0.000
20230717:0609,0.000
20230717:0709,16.240
20230717:0809,102.680
20230717:0909,185.150
20230717:1009,252.320
20230717:1109,291.070
20230717:1209,445.970
20230717:1309,462.740
20230717:1409,408.740
20230717:1509,331.760
20230717:1609,256.130
20230717:1709,57.280
20230717:1809,57.010
20230717:1909,20.280
20230717:2009,0.000
20230717:2109,0.000
20230717:2209,0.000
20230717:2309,0.000
20230718:0009,0.000
20230718:0109,0.000
20230718:0209,0.000
20230718:0309,0.000
20230718:0409,0.000
20230718:0509,0.000
20230718:0609,0.000
20230718:0709,21.350
20230718:0809,102.380
20230718:0909,173.880
20230718:1009,243.850
20230718:1109,361.030
20230718:1209,353.830
20230718:1309,385.880
20230718:1409,297.640
20230718:1509,383.380
20230718:1609,308.630
20230718:1709,203.330
20230718:1809,92.390
20230718:1909,14.530
20230718:2009,0.000
20230718:2109,0.000
20230718:2209,0.000
20230718:2309,0.000
20230719:0009,0.000
20230719:0109,0.000
20230719:0209,0.000
20230719:0309,0.000
20230719:0409,0.000
20230719:0509,0.000
20230719:0609,0.000
20230719:0709,20.590
20230719:0809,81.320
20230719:0909,164.540
20230719:1009,151.080
20230719:1109,162.290
20230719:1209,403.350
20230719:1309,395.170
20230719:1409,434.020
20230719:1509,185.020
20230719:1609,177.880
20230719:1709,131.900
20230719:1809,89.150
20230719:1909,19.260
20230719:2009,0.000
20230719:2109,0.000
20230719:2209,0.000
20230719:2309,0.000
20230720:0009,0.000
20230720:0109,0.000
20230720:0209,0.000
20230720:0309,0.000
20230720:0409,0.000
20230720:0509,0.000
20230720:0609,0.000
20230720:0709,20.630
20230720:0809,55.790
20230720:0909,87.110
20230720:1009,114.500
20230720:1109,215.380
20230720:1209,265.220
20230720:1309,329.450
20230720:1409,294.470
20230720:1509,222.060
20230720:1609,191.820
20230720:1709,103.430
20230720:1809,60.640
20230720:1909,16.240
20230720:2009,0.000
20230720:2109,0.000
20230720:2209,0.000
20230720:2309,0.000
20230721:0009,0.000
20230721:0109,0.000
20230721:0209,0.000
20230721:0309,0.000
20230721:0409,0.000
20230721:0509,0.000
20230721:0609,0.000
20230721:0709,19.820
20230721:0809,83.810
20230721:0909,126.720
20230721:1009,136.940
20230721:1109,257.060
20230721:1209,350.920
20230721:1309,381.400
20230721:1409,336.610
20230721:1509,323.060
20230721:1609,215.980
20230721:1709,169.860
20230721:1809,85.580
20230721:1909,18.990
20230721:2009,0.000
20230721:2109,0.000
20230721:2209,0.000
20230721:2309,0.000
20230722:0009,0.000
20230722:0109,0.000
20230722:0209,0.000
20230722:0309,0.000
20230722:0409,0.000
20230722:0509,0.000
20230722:0609,0.000
20230722:0709,19.510
20230722:0809,100.910
20230722:0909,211.790
20230722:1009,276.860
20230722:1109,251.870
20230722:1209,404.750
20230722:1309,349.490
20230722:1409,261.340
20230722:1509,144.270
20230722:1609,202.930
20230722:1709,165.060
20230722:1809,90.910
20230722:1909,17.840
20230722:2009,0.000
20230722:2109,0.000
20230722:2209,0.000
20230722:2309,0.000
20230723:0009,0.000
20230723:0109,0.000
20230723:0209,0.000
20230723:0309,0.000
20230723:0409,0.000
20230723:0509,0.000
20230723:0609,0.000
20230723:0709,20.000
20230723:0809,68.900
20230723:0909,224.240
20230723:1009,330.350
20230723:1109,398.840
20230723:1209,413.680
20230723:1309,355.990
20230723:1409,460.530
20230723:1509,406.020
20230723:1609,257.820
20230723:1709,215.290
20230723:1809,97.410
20230723:1909,18.360
20230723:2009,0.000
20230723:2109,0.000
20230723:2209,0.000
20230723:2309,0.000
20230724:0009,0.000
20230724:0109,0.000
20230724:0209,0.000
20230724:0309,0.000
20230724:0409,0.000
20230724:0509,0.000
20230724:0609,0.000
20230724:0709,14.420
20230724:0809,103.300
20230724:0909,219.700
20230724:1009,260.270
20230724:1109,354.080
20230724:1209,335.540
20230724:1309,271.330
20230724:1409,418.300
20230724:1509,416.990
20230724:1609,280.510
20230724:1709,224.200
20230724:1809,100.180
20230724:1909,17.080
20230724:2009,0.000
20230724:2109,0.000
20230724:2209,0.000
20230724:2309,0.000
20230725:0009,0.000
20230725:0109,0.000
20230725:0209,0.000
20230725:0309,0.000
20230725:0409,0.000
20230725:0509,0.000
20230725:0609,0.000
20230725:0709,19.520
20230725:0809,79.510
20230725:0909,79.810
20230725:1009,287.890
20230725:1109,356.840
20230725:1209,412.280
20230725:1309,345.430
20230725:1409,435.210
20230725:1509,367.360
20230725:1609,302.750
20230725:1709,213.180
20230725:1809,94.160
20230725:1909,18.680
20230725:2009,0.000
20230725:2109,0.000
20230725:2209,0.000
20230725:2309,0.000
20230726:0009,0.000
20230726:0109,0.000
20230726:0209,0.000
20230726:0309,0.000
20230726:0409,0.000
20230726:0509,0.000
20230726:0609,0.000
20230726:0709,15.620
20230726:0809,39.450
20230726:0909,116.160
20230726:1009,128.470
20230726:1109,189.010
20230726:1209,403.280
20230726:1309,246.120
20230726:1409,383.980
20230726:1509,353.580
20230726:1609,317.510
20230726:1709,198.220
20230726:1809,92.110
20230726:1909,16.620
20230726:2009,0.000
20230726:2109,0.000
20230726:2209,0.000
20230726:2309,0.000
20230727:0009,0.000
20230727:0109,0.000
20230727:0209,0.000
20230727:0309,0.000
20230727:0409,0.000
20230727:0509,0.000
20230727:0609,0.000
20230727:0709,18.910
20230727:0809,63.980
20230727:0909,94.750
20230727:1009,143.420
20230727:1109,370.120
20230727:1209,450.100
20230727:1309,480.070
20230727:1409,451.410
20230727:1509,363.380
20230727:1609,316.230
20230727:1709,214.340
20230727:1809,100.020
20230727:1909,17.910
20230727:2009,0.000
20230727:2109,0.000
20230727:2209,0.000
20230727:2309,0.000
20230728:0009,0.000
20230728:0109,0.000
20230728:0209,0.000
20230728:0309,0.000
20230728:0409,0.000
20230728:0509,0.000
20230728:0609,0.000
20230728:0709,14.440
20230728:0809,56.190
20230728:0909,81.160
20230728:1009,147.700
20230728:1109,296.800
20230728:1209,68.370
20230728:1309,329.960
20230728:1409,362.810
20230728:1509,417.350
20230728:1609,101.200
20230728:1709,166.940
20230728:1809,85.450
20230728:1909,15.060
20230728:2009,0.000
20230728:2109,0.000
20230728:2209,0.000
20230728:2309,0.000
20230729:0009,0.000
20230729:0109,0.000
20230729:0209,0.000
20230729:0309,0.000
20230729:0409,0.000
20230729:0509,0.000
20230729:0609,0.000
20230729:0709,17.520
20230729:0809,98.390
20230729:0909,227.310
20230729:1009,330.830
20230729:1109,408.530
20230729:1209,469.710
20230729:1309,471.430
20230729:1409,472.690
20230729:1509,420.220
20230729:1609,321.750
20230729:1709,221.420
20230729:1809,97.510
20230729:1909,16.210
20230729:2009,0.000
20230729:2109,0.000
20230729:2209,0.000
20230729:2309,0.000
20230730:0009,0.000
20230730:0109,0.000
20230730:0209,0.000
20230730:0309,0.000
20230730:0409,0.000
20230730:0509,0.000
20230730:0609,0.000
20230730:0709,18.280
20230730:0809,77.300
20230730:0909,206.760
20230730:1009,227.550
20230730:1109,269.830
20230730:1209,368.590
20230730:1309,475.300
20230730:1409,465.110
20230730:1509,414.520
20230730:1609,332.530
20230730:1709,220.980
20230730:1809,96.830
20230730:1909,16.930
20230730:2009,0.000
20230730:2109,0.000
20230730:2209,0.000
20230730:2309,0.000
20230731:0009,0.000
20230731:0109,0.000
20230731:0209,0.000
20230731:0309,0.000
20230731:0409,0.000
20230731:0509,0.000
20230731:0609,0.000
20230731:0709,17.670
20230731:0809,100.340
20230731:0909,60.700
20230731:1009,301.630
20230731:1109,412.380
20230731:1209,439.600
20230731:1309,474.260
20230731:1409,456.710
20230731:1509,392.000
20230731:1609,327.830
20230731:1709,226.760
20230731:1809,98.740
20230731:1909,12.620
20230731:2009,0.000
20230731:2109,0.000
20230731:2209,0.000
20230731:2309,0.000
20230801:0009,0.000
20230801:0109,0.000
20230801:0209,0.000
20230801:0309,0.000
20230801:0409,0.000
20230801:0509,0.000
20230801:0609,0.000
20230801:0709,15.380
20230801:0809,94.430
20230801:0909,232.090
20230801:1009,313.460
20230801:1109,403.650
20230801:1209,417.760
20230801:1309,457.970
20230801:1409,451.270
20230801:1509,403.410
20230801:1609,328.610
20230801:1709,215.620
20230801:1809,92.570
20230801:1909,16.400
20230801:2009,0.000
20230801:2109,0.000
20230801:2209,0.000
20230801:2309,0.000
20230802:0009,0.000
20230802:0109,0.000
20230802:0209,0.000
20230802:0309,0.000
20230802:0409,0.000
20230802:0509,0.000
20230802:0609,0.000
20230802:0709,17.150
20230802:0809,81.740
20230802:0909,116.410
20230802:1009,123.110
20230802:1109,241.580
20230802:1209,212.090
20230802:1309,240.190
20230802:1409,262.400
20230802:1509,204.020
20230802:1609,170.800
20230802:1709,119.570
20230802:1809,53.590
20230802:1909,13.190
20230802:2009,0.000
20230802:2109,0.000
20230802:2209,0.000
20230802:2309,0.000
20230803:0009,0.000
20230803:0109,0.000
20230803:0209,0.000
20230803:0309,0.000
20230803:0409,0.000
20230803:0509,0.000
20230803:0609,0.000
20230803:0709,13.430
20230803:0809,49.170
20230803:0909,95.870
20230803:1009,118.850
20230803:1109,196.130
20230803:1209,362.120
20230803:1309,246.920
20230803:1409,287.080
20230803:1509,291.590
20230803:1609,287.940
20230803:1709,190.010
20230803:1809,83.000
20230803:1909,15.240
20230803:2009,0.000
20230803:2109,0.000
20230803:2209,0.000
20230803:2309,0.000
20230804:0009,0.000
20230804:0109,0.000
20230804:0209,0.000
20230804:0309,0.000
20230804:0409,0.000
20230804:0509,0.000
20230804:0609,0.000
20230804:0709,12.600
20230804:0809,53.120
20230804:0909,80.730
20230804:1009,90.670
20230804:1109,150.880
20230804:1209,191.260
20230804:1309,148.210
20230804:1409,124.760
20230804:1509,211.150
20230804:1609,100.030
20230804:1709,92.370
20230804:1809,51.680
20230804:1909,14.290
20230804:2009,0.000
20230804:2109,0.000
20230804:2209,0.000
20230804:2309,0.000
20230805:0009,0.000
20230805:0109,0.000
20230805:0209,0.000
20230805:0309,0.000
20230805:0409,0.000
20230805:0509,0.000
20230805:0609,0.000
20230805:0709,15.820
20230805:0809,88.750
20230805:0909,178.720
20230805:1009,214.130
20230805:1109,353.280
20230805:1209,298.250
20230805:1309,392.860
20230805:1409,466.540
20230805:1509,436.380
20230805:1609,346.260
20230805:1709,233.970
20230805:1809,98.900
20230805:1909,9.260
20230805:2009,0.000
20230805:2109,0.000
20230805:2209,0.000
20230805:2309,0.000
20230806:0009,0.000
20230806:0109,0.000
20230806:0209,0.000
20230806:0309,0.000
20230806:0409,0.000
20230806:0509,0.000
20230806:0609,0.000
20230806:0709,14.970
20230806:0809,100.090
20230806:0909,226.890
20230806:1009,338.620
20230806:1109,381.620
20230806:1209,461.560
20230806:1309,482.600
20230806:1409,454.570
20230806:1509,411.650
20230806:1609,339.570
20230806:1709,219.200
20230806:1809,75.740
20230806:1909,13.210
20230806:2009,0.000
20230806:2109,0.000
20230806:2209,0.000
20230806:2309,0.000
20230807:0009,0.000
20230807:0109,0.000
20230807:0209,0.000
20230807:0309,0.000
20230807:0409,0.000
20230807:0509,0.000
20230807:0609,0.000
20230807:0709,14.170
20230807:0809,99.640
20230807:0909,218.730
20230807:1009,282.930
20230807:1109,413.630
20230807:1209,458.380
20230807:1309,472.450
20230807:1409,463.750
20230807:1509,414.220
20230807:1609,324.910
20230807:1709,211.180
20230807:1809,91.450
20230807:1909,10.460
20230807:2009,0.000
20230807:2109,0.000
20230807:2209,0.000
20230807:2309,0.000
20230808:0009,0.000
20230808:0109,0.000
20230808:0209,0.000
20230808:0309,0.000
20230808:0409,0.000
20230808:0509,0.000
20230808:0609,0.000
20230808:0709,14.740
20230808:0809,95.970
20230808:0909,141.620
20230808:1009,291.640
20230808:1109,389.720
20230808:1209,450.720
20230808:1309,466.590
20230808:1409,450.860
20230808:1509,406.970
20230808:1609,333.050
20230808:1709,226.160
20230808:1809,94.480
20230808:1909,10.710
20230808:2009,0.000
20230808:2109,0.000
20230808:2209,0.000
20230808:2309,0.000
20230809:0009,0.000
20230809:0109,0.000
20230809:0209,0.000
20230809:0309,0.000
20230809:0409,0.000
20230809:0509,0.000
20230809:0609,0.000
20230809:0709,15.240
20230809:0809,100.270
20230809:0909,223.970
20230809:1009,330.920
20230809:1109,422.990
20230809:1209,420.490
20230809:1309,355.910
20230809:1409,337.180
20230809:1509,347.300
20230809:1609,294.920
20230809:1709,161.350
20230809:1809,84.270
20230809:1909,12.850
20230809:2009,0.000
20230809:2109,0.000
20230809:2209,0.000
20230809:2309,0.000
20230810:0009,0.000
20230810:0109,0.000
20230810:0209,0.000
20230810:0309,0.000
20230810:0409,0.000
20230810:0509,0.000
20230810:0609,0.000
20230810:0709,14.600
20230810:0809,93.650
20230810:0909,216.460
20230810:1009,266.110
20230810:1109,364.260
20230810:1209,398.590
20230810:1309,388.960
20230810:1409,399.800
20230810:1509,359.920
20230810:1609,271.260
20230810:1709,164.900
20230810:1809,69.580
20230810:1909,11.870
20230810:2009,0.000
20230810:2109,0.000
20230810:2209,0.000
20230810:2309,0.000
20230811:0009,0.000
20230811:0109,0.000
20230811:0209,0.000
20230811:0309,0.000
20230811:0409,0.000
20230811:0509,0.000
20230811:0609,0.000
20230811:0709,13.890
20230811:0809,98.170
20230811:0909,224.710
20230811:1009,329.560
20230811:1109,405.420
20230811:1209,443.560
20230811:1309,462.910
20230811:1409,426.120
20230811:1509,391.760
20230811:1609,299.990
20230811:1709,194.350
20230811:1809,82.560
20230811:1909,10.200
20230811:2009,0.000
20230811:2109,0.000
20230811:2209,0.000
20230811:2309,0.000
20230812:0009,0.000
20230812:0109,0.000
20230812:0209,0.000
20230812:0309,0.000
20230812:0409,0.000
20230812:0509,0.000
20230812:0609,0.000
20230812:0709,13.220
20230812:0809,98.090
20230812:0909,226.400
20230812:1009,333.060
20230812:1109,409.480
20230812:1209,457.700
20230812:1309,464.740
20230812:1409,451.370
20230812:1509,395.150
20230812:1609,315.830
20230812:1709,211.310
20230812:1809,86.950
20230812:1909,10.610
20230812:2009,0.000
20230812:2109,0.000
20230812:2209,0.000
20230812:2309,0.000
20230813:0009,0.000
20230813:0109,0.000
20230813:0209,0.000
20230813:0309,0.000
20230813:0409,0.000
20230813:0509,0.000
20230813:0609,0.000
20230813:0709,13.910
20230813:0809,97.190
20230813:0909,223.870
20230813:1009,332.190
20230813:1109,410.960
20230813:1209,458.210
20230813:1309,467.760
20230813:1409,447.370
20230813:1509,396.250
20230813:1609,318.950
20230813:1709,213.820
20230813:1809,86.090
20230813:1909,11.290
20230813:2009,0.000
20230813:2109,0.000
20230813:2209,0.000
20230813:2309,0.000
20230814:0009,0.000
20230814:0109,0.000
20230814:0209,0.000
20230814:0309,0.000
20230814:0409,0.000
20230814:0509,0.000
20230814:0609,0.000
20230814:0709,13.040
20230814:0809,100.980
20230814:0909,229.980
20230814:1009,336.050
20230814:1109,413.950
20230814:1209,466.360
20230814:1309,474.280
20230814:1409,444.280
20230814:1509,391.030
20230814:1609,280.500
20230814:1709,170.620
20230814:1809,67.580
20230814:1909,11.070
20230814:2009,0.000
20230814:2109,0.000
20230814:2209,0.000
20230814:2309,0.000
20230815:0009,0.000
20230815:0109,0.000
20230815:0209,0.000
20230815:0309,0.000
20230815:0409,0.000
20230815:0509,0.000
20230815:0609,0.000
20230815:0709,13.470
20230815:0809,94.700
20230815:0909,186.010
20230815:1009,262.490
20230815:1109,345.920
20230815:1209,438.130
20230815:1309,431.270
20230815:1409,450.590
20230815:1509,370.880
20230815:1609,321.560
20230815:1709,197.550
20230815:1809,81.370
20230815:1909,9.210
20230815:2009,0.000
20230815:2109,0.000
20230815:2209,0.000
20230815:2309,0.000
20230816:0009,0.000
20230816:0109,0.000
20230816:0209,0.000
20230816:0309,0.000
20230816:0409,0.000
20230816:0509,0.000
20230816:0609,0.000
20230816:0709,13.140
20230816:0809,101.080
20230816:0909,229.660
20230816:1009,343.490
20230816:1109,413.210
20230816:1209,470.240
20230816:1309,482.240
20230816:1409,467.880
20230816:1509,404.510
20230816:1609,281.070
20230816:1709,209.320
20230816:1809,82.180
20230816:1909,10.000
20230816:2009,0.000
20230816:2109,0.000
20230816:2209,0.000
20230816:2309,0.000
20230817:0009,0.000
20230817:0109,0.000
20230817:0209,0.000
20230817:0309,0.000
20230817:0409,0.000
20230817:0509,0.000
20230817:0609,0.000
20230817:0709,12.010
20230817:0809,102.380
20230817:0909,234.000
20230817:1009,340.320
20230817:1109,418.750
20230817:1209,465.370
20230817:1309,475.590
20230817:1409,467.730
20230817:1509,415.080
20230817:1609,330.040
20230817:1709,218.800
20230817:1809,85.730
20230817:1909,9.200
20230817:2009,0.000
20230817:2109,0.000
20230817:2209,0.000
20230817:2309,0.000
20230818:0009,0.000
20230818:0109,0.000
20230818:0209,0.000
20230818:0309,0.000
20230818:0409,0.000
20230818:0509,0.000
20230818:0609,0.000
20230818:0709,11.390
20230818:0809,103.760
20230818:0909,232.560
20230818:1009,336.340
20230818:1109,415.130
20230818:1209,463.930
20230818:1309,475.010
20230818:1409,459.000
20230818:1509,402.810
20230818:1609,319.560
20230818:1709,205.560
20230818:1809,80.330
20230818:1909,8.810
20230818:2009,0.000
20230818:2109,0.000
20230818:2209,0.000
20230818:2309,0.000
20230819:0009,0.000
20230819:0109,0.000
20230819:0209,0.000
20230819:0309,0.000
20230819:0409,0.000
20230819:0509,0.000
20230819:0609,0.000
20230819:0709,11.200
20230819:0809,98.930
20230819:0909,117.070
20230819:1009,43.780
20230819:1109,101.780
20230819:1209,67.610
20230819:1309,66.200
20230819:1409,49.470
20230819:1509,39.070
20230819:1609,106.470
20230819:1709,46.520
20230819:1809,63.740
20230819:1909,3.120
20230819:2009,0.000
20230819:2109,0.000
20230819:2209,0.000
20230819:2309,0.000
20230820:0009,0.000
20230820:0109,0.000
20230820:0209,0.000
20230820:0309,0.000
20230820:0409,0.000
20230820:0509,0.000
20230820:0609,0.000
20230820:0709,11.350
20230820:0809,85.990
20230820:0909,161.980
20230820:1009,310.340
20230820:1109,291.330
20230820:1209,435.540
20230820:1309,318.930
20230820:1409,420.870
20230820:1509,300.410
20230820:1609,140.300
20230820:1709,138.410
20230820:1809,61.660
20230820:1909,4.750
20230820:2009,0.000
20230820:2109,0.000
20230820:2209,0.000
20230820:2309,0.000
20230821:0009,0.000
20230821:0109,0.000
20230821:0209,0.000
20230821:0309,0.000
20230821:0409,0.000
20230821:0509,0.000
20230821:0609,0.000
20230821:0709,10.670
20230821:0809,100.720
20230821:0909,221.960
20230821:1009,324.040
20230821:1109,360.490
20230821:1209,432.250
20230821:1309,427.060
20230821:1409,426.850
20230821:1509,399.340
20230821:1609,302.440
20230821:1709,205.440
20230821:1809,81.370
20230821:1909,6.820
20230821:2009,0.000
20230821:2109,0.000
20230821:2209,0.000
20230821:2309,0.000
20230822:0009,0.000
20230822:0109,0.000
20230822:0209,0.000
20230822:0309,0.000
20230822:0409,0.000
20230822:0509,0.000
20230822:0609,0.000
20230822:0709,10.490
20230822:0809,100.720
20230822:0909,223.180
20230822:1009,309.550
20230822:1109,408.080
20230822:1209,454.760
20230822:1309,465.320
20230822:1409,455.110
20230822:1509,398.500
20230822:1609,320.170
20230822:1709,208.240
20230822:1809,82.060
20230822:1909,6.860
20230822:2009,0.000
20230822:2109,0.000
20230822:2209,0.000
20230822:2309,0.000
20230823:0009,0.000
20230823:0109,0.000
20230823:0209,0.000
20230823:0309,0.000
20230823:0409,0.000
20230823:0509,0.000
20230823:0609,0.000
20230823:0709,10.590
20230823:0809,95.480
20230823:0909,222.750
20230823:1009,141.630
20230823:1109,363.560
20230823:1209,434.180
20230823:1309,295.000
20230823:1409,448.600
20230823:1509,401.680
20230823:1609,314.610
20230823:1709,207.400
20230823:1809,80.710
20230823:1909,6.130
20230823:2009,0.000
20230823:2109,0.000
20230823:2209,0.000
20230823:2309,0.000
20230824:0009,0.000
20230824:0109,0.000
20230824:0209,0.000
20230824:0309,0.000
20230824:0409,0.000
20230824:0509,0.000
20230824:0609,0.000
20230824:0709,10.150
20230824:0809,99.570
20230824:0909,218.370
20230824:1009,316.990
20230824:1109,362.690
20230824:1209,444.960
20230824:1309,422.790
20230824:1409,440.760
20230824:1509,388.110
20230824:1609,315.440
20230824:1709,203.140
20230824:1809,79.420
20230824:1909,5.410
20230824:2009,0.000
20230824:2109,0.000
20230824:2209,0.000
20230824:2309,0.000
20230825:0009,0.000
20230825:0109,0.000
20230825:0209,0.000
20230825:0309,0.000
20230825:0409,0.000
20230825:0509,0.000
20230825:0609,0.000
20230825:0709,9.960
20230825:0809,93.560
20230825:0909,196.770
20230825:1009,308.600
20230825:1109,384.960
20230825:1209,422.780
20230825:1309,435.840
20230825:1409,176.970
20230825:1509,216.760
20230825:1609,146.560
20230825:1709,59.260
20230825:1809,8.720
20230825:1909,5.080
20230825:2009,0.000
20230825:2109,0.000
20230825:2209,0.000
20230825:2309,0.000
20230826:0009,0.000
20230826:0109,0.000
20230826:0209,0.000
20230826:0309,0.000
20230826:0409,0.000
20230826:0509,0.000
20230826:0609,0.000
20230826:0709,9.950
20230826:0809,95.350
20230826:0909,225.380
20230826:1009,320.380
20230826:1109,394.570
20230826:1209,390.280
20230826:1309,458.190
20230826:1409,438.590
20230826:1509,387.550
20230826:1609,304.980
20230826:1709,198.860
20230826:1809,76.470
20230826:1909,4.060
20230826:2009,0.000
20230826:2109,0.000
20230826:2209,0.000
20230826:2309,0.000
20230827:0009,0.000
20230827:0109,0.000
20230827:0209,0.000
20230827:0309,0.000
20230827:0409,0.000
20230827:0509,0.000
20230827:0609,0.000
20230827:0709,10.200
20230827:0809,81.680
20230827:0909,194.930
20230827:1009,326.270
20230827:1109,383.920
20230827:1209,420.610
20230827:1309,422.930
20230827:1409,375.770
20230827:1509,314.870
20230827:1609,280.850
20230827:1709,186.570
20230827:1809,71.660
20230827:1909,2.830
20230827:2009,0.000
20230827:2109,0.000
20230827:2209,0.000
20230827:2309,0.000
20230828:0009,0.000
20230828:0109,0.000
20230828:0209,0.000
20230828:0309,0.000
20230828:0409,0.000
20230828:0509,0.000
20230828:0609,0.000
20230828:0709,9.310
20230828:0809,81.710
20230828:0909,198.120
20230828:1009,205.770
20230828:1109,330.740
20230828:1209,353.500
20230828:1309,289.180
20230828:1409,413.760
20230828:1509,415.860
20230828:1609,278.740
20230828:1709,201.270
20230828:1809,77.770
20230828:1909,2.850
20230828:2009,0.000
20230828:2109,0.000
20230828:2209,0.000
20230828:2309,0.000
20230829:0009,0.000
20230829:0109,0.000
20230829:0209,0.000
20230829:0309,0.000
20230829:0409,0.000
20230829:0509,0.000
20230829:0609,0.000
20230829:0709,4.450
20230829:0809,78.140
20230829:0909,148.200
20230829:1009,268.060
20230829:1109,304.370
20230829:1209,359.470
20230829:1309,333.880
20230829:1409,424.760
20230829:1509,420.150
20230829:1609,327.650
20230829:1709,196.150
20230829:1809,71.630
20230829:1909,1.640
20230829:2009,0.000
20230829:2109,0.000
20230829:2209,0.000
20230829:2309,0.000
20230830:0009,0.000
20230830:0109,0.000
20230830:0209,0.000
20230830:0309,0.000
20230830:0409,0.000
20230830:0509,0.000
20230830:0609,0.000
20230830:0709,9.450
20230830:0809,98.240
20230830:0909,55.670
20230830:1009,217.290
20230830:1109,157.040
20230830:1209,206.000
20230830:1309,464.160
20230830:1409,403.040
20230830:1509,401.460
20230830:1609,272.480
20230830:1709,156.730
20230830:1809,70.760
20230830:1909,1.360
20230830:2009,0.000
20230830:2109,0.000
20230830:2209,0.000
20230830:2309,0.000
20230831:0009,0.000
20230831:0109,0.000
20230831:0209,0.000
20230831:0309,0.000
20230831:0409,0.000
20230831:0509,0.000
20230831:0609,0.000
20230831:0709,8.230
20230831:0809,94.250
20230831:0909,179.840
20230831:1009,240.560
20230831:1109,342.200
20230831:1209,437.560
20230831:1309,478.040
20230831:1409,466.580
20230831:1509,345.340
20230831:1609,331.220
20230831:1709,214.980
20230831:1809,80.070
20230831:1909,0.830
20230831:2009,0.000
20230831:2109,0.000
20230831:2209,0.000
20230831:2309,0.000
20230901:0009,0.000
20230901:0109,0.000
20230901:0209,0.000
20230901:0309,0.000
20230901:0409,0.000
20230901:0509,0.000
20230901:0609,0.000
20230901:0709,8.010
20230901:0809,107.140
20230901:0909,221.950
20230901:1009,293.890
20230901:1109,386.880
20230901:1209,364.150
20230901:1309,457.630
20230901:1409,435.700
20230901:1509,388.690
20230901:1609,310.790
20230901:1709,170.090
20230901:1809,69.590
20230901:1909,1.360
20230901:2009,0.000
20230901:2109,0.000
20230901:2209,0.000
20230901:2309,0.000
20230902:0009,0.000
20230902:0109,0.000
20230902:0209,0.000
20230902:0309,0.000
20230902:0409,0.000
20230902:0509,0.000
20230902:0609,0.000
20230902:0709,7.740
20230902:0809,67.400
20230902:0909,104.510
20230902:1009,304.570
20230902:1109,291.030
20230902:1209,444.250
20230902:1309,472.690
20230902:1409,451.830
20230902:1509,406.700
20230902:1609,322.090
20230902:1709,198.330
20230902:1809,72.400
20230902:1909,0.140
20230902:2009,0.000
20230902:2109,0.000
20230902:2209,0.000
20230902:2309,0.000
20230903:0009,0.000
20230903:0109,0.000
20230903:0209,0.000
20230903:0309,0.000
20230903:0409,0.000
20230903:0509,0.000
20230903:0609,0.000
20230903:0709,7.190
20230903:0809,41.760
20230903:0909,34.820
20230903:1009,222.060
20230903:1109,213.290
20230903:1209,346.480
20230903:1309,389.470
20230903:1409,414.140
20230903:1509,389.400
20230903:1609,286.390
20230903:1709,180.850
20230903:1809,75.550
20230903:1909,0.360
20230903:2009,0.000
20230903:2109,0.000
20230903:2209,0.000
20230903:2309,0.000
20230904:0009,0.000
20230904:0109,0.000
20230904:0209,0.000
20230904:0309,0.000
20230904:0409,0.000
20230904:0509,0.000
20230904:0609,0.000
20230904:0709,7.590
20230904:0809,108.380
20230904:0909,78.740
20230904:1009,223.640
20230904:1109,187.300
20230904:1209,377.350
20230904:1309,468.020
20230904:1409,421.370
20230904:1509,409.220
20230904:1609,319.350
20230904:1709,191.680
20230904:1809,70.740
20230904:1909,0.000
20230904:2009,0.000
20230904:2109,0.000
20230904:2209,0.000
20230904:2309,0.000
20230905:0009,0.000
20230905:0109,0.000
20230905:0209,0.000
20230905:0309,0.000
20230905:0409,0.000
20230905:0509,0.000
20230905:0609,0.000
20230905:0709,7.210
20230905:0809,111.320
20230905:0909,221.650
20230905:1009,306.160
20230905:1109,409.150
20230905:1209,459.760
20230905:1309,456.220
20230905:1409,347.560
20230905:1509,160.690
20230905:1609,266.460
20230905:1709,207.050
20230905:1809,73.360
20230905:1909,0.000
20230905:2009,0.000
20230905:2109,0.000
20230905:2209,0.000
20230905:2309,0.000
20230906:0009,0.000
20230906:0109,0.000
20230906:0209,0.000
20230906:0309,0.000
20230906:0409,0.000
20230906:0509,0.000
20230906:0609,0.000
20230906:0709,7.640
20230906:0809,103.750
20230906:0909,235.770
20230906:1009,341.110
20230906:1109,403.930
20230906:1209,448.100
20230906:1309,470.990
20230906:1409,451.630
20230906:1509,395.240
20230906:1609,316.420
20230906:1709,198.720
20230906:1809,39.310
20230906:1909,0.000
20230906:2009,0.000
20230906:2109,0.000
20230906:2209,0.000
20230906:2309,0.000
20230907:0009,0.000
20230907:0109,0.000
20230907:0209,0.000
20230907:0309,0.000
20230907:0409,0.000
20230907:0509,0.000
20230907:0609,0.000
20230907:0709,7.050
20230907:0809,107.780
20230907:0909,235.960
20230907:1009,335.260
20230907:1109,402.480
20230907:1209,447.210
20230907:1309,415.260
20230907:1409,417.640
20230907:1509,398.510
20230907:1609,312.970
20230907:1709,198.090
20230907:1809,67.810
20230907:1909,0.000
20230907:2009,0.000
20230907:2109,0.000
20230907:2209,0.000
20230907:2309,0.000
20230908:0009,0.000
20230908:0109,0.000
20230908:0209,0.000
20230908:0309,0.000
20230908:0409,0.000
20230908:0509,0.000
20230908:0609,0.000
20230908:0709,6.710
20230908:0809,109.090
20230908:0909,239.990
20230908:1009,337.530
20230908:1109,405.230
20230908:1209,447.240
20230908:1309,465.410
20230908:1409,345.280
20230908:1509,183.500
20230908:1609,108.930
20230908:1709,98.290
20230908:1809,26.030
20230908:1909,0.000
20230908:2009,0.000
20230908:2109,0.000
20230908:2209,0.000
20230908:2309,0.000
20230909:0009,0.000
20230909:0109,0.000
20230909:0209,0.000
20230909:0309,0.000
20230909:0409,0.000
20230909:0509,0.000
20230909:0609,0.000
20230909:0709,6.380
20230909:0809,108.940
20230909:0909,230.140
20230909:1009,331.700
20230909:1109,407.500
20230909:1209,455.020
20230909:1309,467.320
20230909:1409,312.020
20230909:1509,397.850
20230909:1609,318.160
20230909:1709,199.790
20230909:1809,63.850
20230909:1909,0.000
20230909:2009,0.000
20230909:2109,0.000
20230909:2209,0.000
20230909:2309,0.000
20230910:0009,0.000
20230910:0109,0.000
20230910:0209,0.000
20230910:0309,0.000
20230910:0409,0.000
20230910:0509,0.000
20230910:0609,0.000
20230910:0709,6.140
20230910:0809,110.010
20230910:0909,239.990
20230910:1009,332.510
20230910:1109,405.090
20230910:1209,430.910
20230910:1309,419.950
20230910:1409,421.030
20230910:1509,116.080
20230910:1609,214.360
20230910:1709,195.250
20230910:1809,66.250
20230910:1909,0.000
20230910:2009,0.000
20230910:2109,0.000
20230910:2209,0.000
20230910:2309,0.000
20230911:0009,0.000
20230911:0109,0.000
20230911:0209,0.000
20230911:0309,0.000
20230911:0409,0.000
20230911:0509,0.000
20230911:0609,0.000
20230911:0709,0.000
20230911:0809,94.360
20230911:0909,175.940
20230911:1009,291.370
20230911:1109,359.780
20230911:1209,394.940
20230911:1309,458.340
20230911:1409,427.850
20230911:1509,357.530
20230911:1609,234.860
20230911:1709,190.220
20230911:1809,63.360
20230911:1909,0.000
20230911:2009,0.000
20230911:2109,0.000
20230911:2209,0.000
20230911:2309,0.000
20230912:0009,0.000
20230912:0109,0.000
20230912:0209,0.000
20230912:0309,0.000
20230912:0409,0.000
20230912:0509,0.000
20230912:0609,0.000
20230912:0709,4.790
20230912:0809,81.430
20230912:0909,165.290
20230912:1009,276.890
20230912:1109,396.210
20230912:1209,421.010
20230912:1309,307.970
20230912:1409,377.410
20230912:1509,374.180
20230912:1609,243.880
20230912:1709,86.950
20230912:1809,56.920
20230912:1909,0.000
20230912:2009,0.000
20230912:2109,0.000
20230912:2209,0.000
20230912:2309,0.000
20230913:0009,0.000
20230913:0109,0.000
20230913:0209,0.000
20230913:0309,0.000
20230913:0409,0.000
20230913:0509,0.000
20230913:0609,0.000
20230913:0709,5.500
20230913:0809,61.690
20230913:0909,188.590
20230913:1009,217.930
20230913:1109,292.170
20230913:1209,391.890
20230913:1309,364.930
20230913:1409,371.990
20230913:1509,408.290
20230913:1609,299.540
20230913:1709,164.000
20230913:1809,60.350
20230913:1909,0.000
20230913:2009,0.000
20230913:2109,0.000
20230913:2209,0.000
20230913:2309,0.000
20230914:0009,0.000
20230914:0109,0.000
20230914:0209,0.000
20230914:0309,0.000
20230914:0409,0.000
20230914:0509,0.000
20230914:0609,0.000
20230914:0709,4.110
20230914:0809,79.890
20230914:0909,85.430
20230914:1009,220.780
20230914:1109,375.920
20230914:1209,453.360
20230914:1309,465.590
20230914:1409,458.080
20230914:1509,395.110
20230914:1609,316.800
20230914:1709,194.480
20230914:1809,58.320
20230914:1909,0.000
20230914:2009,0.000
20230914:2109,0.000
20230914:2209,0.000
20230914:2309,0.000
20230915:0009,0.000
20230915:0109,0.000
20230915:0209,0.000
20230915:0309,0.000
20230915:0409,0.000
20230915:0509,0.000
20230915:0609,0.000
20230915:0709,0.200
20230915:0809,19.550
20230915:0909,228.000
20230915:1009,307.010
20230915:1109,413.420
20230915:1209,421.420
20230915:1309,326.600
20230915:1409,452.910
20230915:1509,404.010
20230915:1609,310.130
20230915:1709,179.240
20230915:1809,54.280
20230915:1909,0.000
20230915:2009,0.000
20230915:2109,0.000
20230915:2209,0.000
20230915:2309,0.000
20230916:0009,0.000
20230916:0109,0.000
20230916:0209,0.000
20230916:0309,0.000
20230916:0409,0.000
20230916:0509,0.000
20230916:0609,0.000
20230916:0709,2.740
20230916:0809,108.890
20230916:0909,226.910
20230916:1009,344.930
20230916:1109,418.910
20230916:1209,463.560
20230916:1309,482.310
20230916:1409,460.180
20230916:1509,399.850
20230916:1609,300.080
20230916:1709,186.560
20230916:1809,59.330
20230916:1909,0.000
20230916:2009,0.000
20230916:2109,0.000
20230916:2209,0.000
20230916:2309,0.000
20230917:0009,0.000
20230917:0109,0.000
20230917:0209,0.000
20230917:0309,0.000
20230917:0409,0.000
20230917:0509,0.000
20230917:0609,0.000
20230917:0709,4.540
20230917:0809,42.160
20230917:0909,82.640
20230917:1009,139.670
20230917:1109,106.370
20230917:1209,82.580
20230917:1309,185.320
20230917:1409,191.500
20230917:1509,188.410
20230917:1609,92.410
20230917:1709,59.980
20230917:1809,40.060
20230917:1909,0.000
20230917:2009,0.000
20230917:2109,0.000
20230917:2209,0.000
20230917:2309,0.000
20230918:0009,0.000
20230918:0109,0.000
20230918:0209,0.000
20230918:0309,0.000
20230918:0409,0.000
20230918:0509,0.000
20230918:0609,0.000
20230918:0709,5.020
20230918:0809,50.320
20230918:0909,224.870
20230918:1009,219.770
20230918:1109,235.140
20230918:1209,166.150
20230918:1309,281.420
20230918:1409,219.430
20230918:1509,245.480
20230918:1609,321.040
20230918:1709,156.490
20230918:1809,40.570
20230918:1909,0.000
20230918:2009,0.000
20230918:2109,0.000
20230918:2209,0.000
20230918:2309,0.000
20230919:0009,0.000
20230919:0109,0.000
20230919:0209,0.000
20230919:0309,0.000
20230919:0409,0.000
20230919:0509,0.000
20230919:0609,0.000
20230919:0709,5.190
20230919:0809,58.390
20230919:0909,248.020
20230919:1009,311.930
20230919:1109,340.070
20230919:1209,364.040
20230919:1309,455.370
20230919:1409,404.000
20230919:1509,318.100
20230919:1609,289.730
20230919:1709,170.640
20230919:1809,46.070
20230919:1909,0.000
20230919:2009,0.000
20230919:2109,0.000
20230919:2209,0.000
20230919:2309,0.000
20230920:0009,0.000
20230920:0109,0.000
20230920:0209,0.000
20230920:0309,0.000
20230920:0409,0.000
20230920:0509,0.000
20230920:0609,0.000
20230920:0709,4.920
20230920:0809,113.510
20230920:0909,246.530
20230920:1009,194.170
20230920:1109,250.690
20230920:1209,173.410
20230920:1309,240.570
20230920:1409,287.170
20230920:1509,215.540
20230920:1609,166.400
20230920:1709,89.710
20230920:1809,29.340
20230920:1909,0.000
20230920:2009,0.000
20230920:2109,0.000
20230920:2209,0.000
20230920:2309,0.000
20230921:0009,0.000
20230921:0109,0.000
20230921:0209,0.000
20230921:0309,0.000
20230921:0409,0.000
20230921:0509,0.000
20230921:0609,0.000
20230921:0709,2.830
20230921:0809,102.070
20230921:0909,248.440
20230921:1009,272.890
20230921:1109,420.020
20230921:1209,476.020
20230921:1309,360.890
20230921:1409,281.760
20230921:1509,354.040
20230921:1609,311.980
20230921:1709,161.080
20230921:1809,39.950
20230921:1909,0.000
20230921:2009,0.000
20230921:2109,0.000
20230921:2209,0.000
20230921:2309,0.000
20230922:0009,0.000
20230922:0109,0.000
20230922:0209,0.000
20230922:0309,0.000
20230922:0409,0.000
20230922:0509,0.000
20230922:0609,0.000
20230922:0709,4.330
20230922:0809,83.660
20230922:0909,228.350
20230922:1009,342.490
20230922:1109,333.260
20230922:1209,447.070
20230922:1309,454.180
20230922:1409,403.030
20230922:1509,376.850
20230922:1609,279.110
20230922:1709,186.910
20230922:1809,50.890
20230922:1909,0.000
20230922:2009,0.000
20230922:2109,0.000
20230922:2209,0.000
20230922:2309,0.000
20230923:0009,0.000
20230923:0109,0.000
20230923:0209,0.000
20230923:0309,0.000
20230923:0409,0.000
20230923:0509,0.000
20230923:0609,0.000
20230923:0709,3.250
20230923:0809,114.850
20230923:0909,143.900
20230923:1009,230.180
20230923:1109,422.770
20230923:1209,454.850
20230923:1309,491.330
20230923:1409,417.970
20230923:1509,386.920
20230923:1609,294.080
20230923:1709,124.220
20230923:1809,34.180
20230923:1909,0.000
20230923:2009,0.000
20230923:2109,0.000
20230923:2209,0.000
20230923:2309,0.000
20230924:0009,0.000
20230924:0109,0.000
20230924:0209,0.000
20230924:0309,0.000
20230924:0409,0.000
20230924:0509,0.000
20230924:0609,0.000
20230924:0709,4.050
20230924:0809,50.140
20230924:0909,71.780
20230924:1009,212.240
20230924:1109,417.520
20230924:1209,310.180
20230924:1309,491.530
20230924:1409,467.610
20230924:1509,403.250
20230924:1609,257.730
20230924:1709,154.470
20230924:1809,33.760
20230924:1909,0.000
20230924:2009,0.000
20230924:2109,0.000
20230924:2209,0.000
20230924:2309,0.000
20230925:0009,0.000
20230925:0109,0.000
20230925:0209,0.000
20230925:0309,0.000
20230925:0409,0.000
20230925:0509,0.000
20230925:0609,0.000
20230925:0709,2.980
20230925:0809,57.750
20230925:0909,222.060
20230925:1009,363.630
20230925:1109,441.830
20230925:1209,487.400
20230925:1309,443.110
20230925:1409,421.790
20230925:1509,414.160
20230925:1609,284.490
20230925:1709,182.670
20230925:1809,46.680
20230925:1909,0.000
20230925:2009,0.000
20230925:2109,0.000
20230925:2209,0.000
20230925:2309,0.000
20230926:0009,0.000
20230926:0109,0.000
20230926:0209,0.000
20230926:0309,0.000
20230926:0409,0.000
20230926:0509,0.000
20230926:0609,0.000
20230926:0709,3.850
20230926:0809,35.670
20230926:0909,38.100
20230926:1009,156.050
20230926:1109,248.960
20230926:1209,360.430
20230926:1309,419.420
20230926:1409,444.890
20230926:1509,167.600
20230926:1609,200.030
20230926:1709,156.840
20230926:1809,17.650
20230926:1909,0.000
20230926:2009,0.000
20230926:2109,0.000
20230926:2209,0.000
20230926:2309,0.000
20230927:0009,0.000
20230927:0109,0.000
20230927:0209,0.000
20230927:0309,0.000
20230927:0409,0.000
20230927:0509,0.000
20230927:0609,0.000
20230927:0709,2.850
20230927:0809,63.260
20230927:0909,159.250
20230927:1009,296.290
20230927:1109,372.090
20230927:1209,440.920
20230927:1309,448.670
20230927:1409,386.420
20230927:1509,372.650
20230927:1609,264.340
20230927:1709,133.190
20230927:1809,31.190
20230927:1909,0.000
20230927:2009,0.000
20230927:2109,0.000
20230927:2209,0.000
20230927:2309,0.000
20230928:0009,0.000
20230928:0109,0.000
20230928:0209,0.000
20230928:0309,0.000
20230928:0409,0.000
20230928:0509,0.000
20230928:0609,0.000
20230928:0709,2.570
20230928:0809,64.580
20230928:0909,230.740
20230928:1009,243.970
20230928:1109,211.300
20230928:1209,325.330
20230928:1309,472.550
20230928:1409,346.440
20230928:1509,386.970
20230928:1609,290.180
20230928:1709,128.570
20230928:1809,37.830
20230928:1909,0.000
20230928:2009,0.000
20230928:2109,0.000
20230928:2209,0.000
20230928:2309,0.000
20230929:0009,0.000
20230929:0109,0.000
20230929:0209,0.000
20230929:0309,0.000
20230929:0409,0.000
20230929:0509,0.000
20230929:0609,0.000
20230929:0709,1.660
20230929:0809,55.060
20230929:0909,91.760
20230929:1009,117.110
20230929:1109,217.130
20230929:1209,425.610
20230929:1309,471.840
20230929:1409,435.820
20230929:1509,356.790
20230929:1609,239.920
20230929:1709,128.360
20230929:1809,25.120
20230929:1909,0.000
20230929:2009,0.000
20230929:2109,0.000
20230929:2209,0.000
20230929:2309,0.000
20230930:0009,0.000
20230930:0109,0.000
20230930:0209,0.000
20230930:0309,0.000
20230930:0409,0.000
20230930:0509,0.000
20230930:0609,0.000
20230930:0709,2.340
20230930:0809,95.650
20230930:0909,232.130
20230930:1009,339.670
20230930:1109,416.300
20230930:1209,452.620
20230930:1309,462.880
20230930:1409,438.080
20230930:1509,387.590
20230930:1609,277.620
20230930:1709,161.140
20230930:1809,30.080
20230930:1909,0.000
20230930:2009,0.000
20230930:2109,0.000
20230930:2209,0.000
20230930:2309,0.000
20231001:0009,0.000
20231001:0109,0.000
20231001:0209,0.000
20231001:0309,0.000
20231001:0409,0.000
20231001:0509,0.000
20231001:0609,0.000
20231001:0709,2.080
20231001:0809,81.350
20231001:0909,248.320
20231001:1009,353.020
20231001:1109,433.720
20231001:1209,459.550
20231001:1309,467.630
20231001:1409,435.650
20231001:1509,349.080
20231001:1609,279.610
20231001:1709,150.170
20231001:1809,29.500
20231001:1909,0.000
20231001:2009,0.000
20231001:2109,0.000
20231001:2209,0.000
20231001:2309,0.000
20231002:0009,0.000
20231002:0109,0.000
20231002:0209,0.000
20231002:0309,0.000
20231002:0409,0.000
20231002:0509,0.000
20231002:0609,0.000
20231002:0709,1.900
20231002:0809,109.250
20231002:0909,250.370
20231002:1009,353.960
20231002:1109,431.050
20231002:1209,469.150
20231002:1309,478.870
20231002:1409,449.300
20231002:1509,387.460
20231002:1609,293.750
20231002:1709,163.760
20231002:1809,31.550
20231002:1909,0.000
20231002:2009,0.000
20231002:2109,0.000
20231002:2209,0.000
20231002:2309,0.000
20231003:0009,0.000
20231003:0109,0.000
20231003:0209,0.000
20231003:0309,0.000
20231003:0409,0.000
20231003:0509,0.000
20231003:0609,0.000
20231003:0709,0.420
20231003:0809,110.360
20231003:0909,249.630
20231003:1009,345.610
20231003:1109,424.570
20231003:1209,459.810
20231003:1309,478.520
20231003:1409,444.940
20231003:1509,354.490
20231003:1609,205.790
20231003:1709,144.050
20231003:1809,26.720
20231003:1909,0.000
20231003:2009,0.000
20231003:2109,0.000
20231003:2209,0.000
20231003:2309,0.000
20231004:0009,0.000
20231004:0109,0.000
20231004:0209,0.000
20231004:0309,0.000
20231004:0409,0.000
20231004:0509,0.000
20231004:0609,0.000
20231004:0709,0.920
20231004:0809,115.760
20231004:0909,242.410
20231004:1009,358.240
20231004:1109,403.030
20231004:1209,447.870
20231004:1309,458.280
20231004:1409,446.060
20231004:1509,323.620
20231004:1609,140.670
20231004:1709,62.320
20231004:1809,12.570
20231004:1909,0.000
20231004:2009,0.000
20231004:2109,0.000
20231004:2209,0.000
20231004:2309,0.000
20231005:0009,0.000
20231005:0109,0.000
20231005:0209,0.000
20231005:0309,0.000
20231005:0409,0.000
20231005:0509,0.000
20231005:0609,0.000
20231005:0709,0.920
20231005:0809,110.600
20231005:0909,248.730
20231005:1009,345.250
20231005:1109,419.180
20231005:1209,454.510
20231005:1309,468.640
20231005:1409,438.230
20231005:1509,373.280
20231005:1609,284.150
20231005:1709,161.350
20231005:1809,29.810
20231005:1909,0.000
20231005:2009,0.000
20231005:2109,0.000
20231005:2209,0.000
20231005:2309,0.000
20231006:0009,0.000
20231006:0109,0.000
20231006:0209,0.000
20231006:0309,0.000
20231006:0409,0.000
20231006:0509,0.000
20231006:0609,0.000
20231006:0709,0.190
20231006:0809,118.400
20231006:0909,239.730
20231006:1009,320.050
20231006:1109,418.900
20231006:1209,452.980
20231006:1309,462.760
20231006:1409,430.060
20231006:1509,370.900
20231006:1609,282.880
20231006:1709,158.000
20231006:1809,26.500
20231006:1909,0.000
20231006:2009,0.000
20231006:2109,0.000
20231006:2209,0.000
20231006:2309,0.000
20231007:0009,0.000
20231007:0109,0.000
20231007:0209,0.000
20231007:0309,0.000
20231007:0409,0.000
20231007:0509,0.000
20231007:0609,0.000
20231007:0709,0.200
20231007:0809,107.260
20231007:0909,245.500
20231007:1009,344.620
20231007:1109,417.870
20231007:1209,452.270
20231007:1309,458.390
20231007:1409,429.160
20231007:1509,363.580
20231007:1609,270.650
20231007:1709,132.400
20231007:1809,19.410
20231007:1909,0.000
20231007:2009,0.000
20231007:2109,0.000
20231007:2209,0.000
20231007:2309,0.000
20231008:0009,0.000
20231008:0109,0.000
20231008:0209,0.000
20231008:0309,0.000
20231008:0409,0.000
20231008:0509,0.000
20231008:0609,0.000
20231008:0709,0.190
20231008:0809,108.340
20231008:0909,245.540
20231008:1009,342.880
20231008:1109,420.310
20231008:1209,455.220
20231008:1309,457.210
20231008:1409,417.620
20231008:1509,344.710
20231008:1609,265.690
20231008:1709,129.230
20231008:1809,27.500
20231008:1909,0.000
20231008:2009,0.000
20231008:2109,0.000
20231008:2209,0.000
20231008:2309,0.000
20231009:0009,0.000
20231009:0109,0.000
20231009:0209,0.000
20231009:0309,0.000
20231009:0409,0.000
20231009:0509,0.000
20231009:0609,0.000
20231009:0709,0.000
20231009:0809,60.510
20231009:0909,236.300
20231009:1009,308.550
20231009:1109,395.760
20231009:1209,436.960
20231009:1309,448.990
20231009:1409,419.140
20231009:1509,348.890
20231009:1609,269.510
20231009:1709,131.420
20231009:1809,21.840
20231009:1909,0.000
20231009:2009,0.000
20231009:2109,0.000
20231009:2209,0.000
20231009:2309,0.000
20231010:0009,0.000
20231010:0109,0.000
20231010:0209,0.000
20231010:0309,0.000
20231010:0409,0.000
20231010:0509,0.000
20231010:0609,0.000
20231010:0709,0.000
20231010:0809,106.430
20231010:0909,243.100
20231010:1009,339.950
20231010:1109,409.790
20231010:1209,446.910
20231010:1309,445.850
20231010:1409,421.220
20231010:1509,359.930
20231010:1609,268.040
20231010:1709,140.530
20231010:1809,16.760
20231010:1909,0.000
20231010:2009,0.000
20231010:2109,0.000
20231010:2209,0.000
20231010:2309,0.000
20231011:0009,0.000
20231011:0109,0.000
20231011:0209,0.000
20231011:0309,0.000
20231011:0409,0.000
20231011:0509,0.000
20231011:0609,0.000
20231011:0709,0.000
20231011:0809,110.140
20231011:0909,247.430
20231011:1009,342.920
20231011:1109,420.380
20231011:1209,452.100
20231011:1309,452.480
20231011:1409,428.440
20231011:1509,367.250
20231011:1609,278.980
20231011:1709,147.760
20231011:1809,8.630
20231011:1909,0.000
20231011:2009,0.000
20231011:2109,0.000
20231011:2209,0.000
20231011:2309,0.000
20231012:0009,0.000
20231012:0109,0.000
20231012:0209,0.000
20231012:0309,0.000
20231012:0409,0.000
20231012:0509,0.000
20231012:0609,0.000
20231012:0709,0.000
20231012:0809,114.140
20231012:0909,252.890
20231012:1009,347.180
20231012:1109,420.030
20231012:1209,454.140
20231012:1309,461.650
20231012:1409,437.110
20231012:1509,377.380
20231012:1609,288.400
20231012:1709,157.100
20231012:1809,7.960
20231012:1909,0.000
20231012:2009,0.000
20231012:2109,0.000
20231012:2209,0.000
20231012:2309,0.000
20231013:0009,0.000
20231013:0109,0.000
20231013:0209,0.000
20231013:0309,0.000
20231013:0409,0.000
20231013:0509,0.000
20231013:0609,0.000
20231013:0709,0.000
20231013:0809,76.280
20231013:0909,253.920
20231013:1009,344.460
20231013:1109,416.530
20231013:1209,452.960
20231013:1309,460.010
20231013:1409,431.090
20231013:1509,371.570
20231013:1609,279.290
20231013:1709,152.610
20231013:1809,7.120
20231013:1909,0.000
20231013:2009,0.000
20231013:2109,0.000
20231013:2209,0.000
20231013:2309,0.000
20231014:0009,0.000
20231014:0109,0.000
20231014:0209,0.000
20231014:0309,0.000
20231014:0409,0.000
20231014:0509,0.000
20231014:0609,0.000
20231014:0709,0.000
20231014:0809,108.410
20231014:0909,241.930
20231014:1009,333.130
20231014:1109,403.270
20231014:1209,444.910
20231014:1309,446.630
20231014:1409,421.600
20231014:1509,359.180
20231014:1609,269.390
20231014:1709,142.340
20231014:1809,6.760
20231014:1909,0.000
20231014:2009,0.000
20231014:2109,0.000
20231014:2209,0.000
20231014:2309,0.000
20231015:0009,0.000
20231015:0109,0.000
20231015:0209,0.000
20231015:0309,0.000
20231015:0409,0.000
20231015:0509,0.000
20231015:0609,0.000
20231015:0709,0.000
20231015:0809,82.390
20231015:0909,220.750
20231015:1009,359.670
20231015:1109,319.350
20231015:1209,391.010
20231015:1309,366.880
20231015:1409,309.110
20231015:1509,319.820
20231015:1609,253.570
20231015:1709,133.640
20231015:1809,3.400
20231015:1909,0.000
20231015:2009,0.000
20231015:2109,0.000
20231015:2209,0.000
20231015:2309,0.000
20231016:0009,0.000
20231016:0109,0.000
20231016:0209,0.000
20231016:0309,0.000
20231016:0409,0.000
20231016:0509,0.000
20231016:0609,0.000
20231016:0709,0.000
20231016:0809,76.850
20231016:0909,167.060
20231016:1009,327.380
20231016:1109,144.730
20231016:1209,257.620
20231016:1309,420.520
20231016:1409,305.330
20231016:1509,222.830
20231016:1609,264.920
20231016:1709,117.730
20231016:1809,5.440
20231016:1909,0.000
20231016:2009,0.000
20231016:2109,0.000
20231016:2209,0.000
20231016:2309,0.000
20231017:0009,0.000
20231017:0109,0.000
20231017:0209,0.000
20231017:0309,0.000
20231017:0409,0.000
20231017:0509,0.000
20231017:0609,0.000
20231017:0709,0.000
20231017:0809,108.490
20231017:0909,241.800
20231017:1009,338.590
20231017:1109,414.830
20231017:1209,437.560
20231017:1309,358.600
20231017:1409,259.580
20231017:1509,118.690
20231017:1609,153.430
20231017:1709,56.200
20231017:1809,3.770
20231017:1909,0.000
20231017:2009,0.000
20231017:2109,0.000
20231017:2209,0.000
20231017:2309,0.000
20231018:0009,0.000
20231018:0109,0.000
20231018:0209,0.000
20231018:0309,0.000
20231018:0409,0.000
20231018:0509,0.000
20231018:0609,0.000
20231018:0709,0.000
20231018:0809,113.640
20231018:0909,217.160
20231018:1009,303.920
20231018:1109,349.010
20231018:1209,146.730
20231018:1309,270.890
20231018:1409,302.620
20231018:1509,281.340
20231018:1609,247.730
20231018:1709,91.750
20231018:1809,4.470
20231018:1909,0.000
20231018:2009,0.000
20231018:2109,0.000
20231018:2209,0.000
20231018:2309,0.000
20231019:0009,0.000
20231019:0109,0.000
20231019:0209,0.000
20231019:0309,0.000
20231019:0409,0.000
20231019:0509,0.000
20231019:0609,0.000
20231019:0709,0.000
20231019:0809,102.640
20231019:0909,241.880
20231019:1009,237.770
20231019:1109,192.160
20231019:1209,63.590
20231019:1309,51.830
20231019:1409,56.390
20231019:1509,200.590
20231019:1609,216.300
20231019:1709,147.520
20231019:1809,4.150
20231019:1909,0.000
20231019:2009,0.000
20231019:2109,0.000
20231019:2209,0.000
20231019:2309,0.000
20231020:0009,0.000
20231020:0109,0.000
20231020:0209,0.000
20231020:0309,0.000
20231020:0409,0.000
20231020:0509,0.000
20231020:0609,0.000
20231020:0709,0.000
20231020:0809,31.570
20231020:0909,28.440
20231020:1009,55.400
20231020:1109,261.510
20231020:1209,190.620
20231020:1309,295.170
20231020:1409,267.620
20231020:1509,363.340
20231020:1609,197.730
20231020:1709,56.470
20231020:1809,2.860
20231020:1909,0.000
20231020:2009,0.000
20231020:2109,0.000
20231020:2209,0.000
20231020:2309,0.000
20231021:0009,0.000
20231021:0109,0.000
20231021:0209,0.000
20231021:0309,0.000
20231021:0409,0.000
20231021:0509,0.000
20231021:0609,0.000
20231021:0709,0.000
20231021:0809,85.710
20231021:0909,251.110
20231021:1009,215.920
20231021:1109,143.950
20231021:1209,135.810
20231021:1309,253.300
20231021:1409,375.500
20231021:1509,271.510
20231021:1609,275.440
20231021:1709,142.940
20231021:1809,2.840
20231021:1909,0.000
20231021:2009,0.000
20231021:2109,0.000
20231021:2209,0.000
20231021:2309,0.000
20231022:0009,0.000
20231022:0109,0.000
20231022:0209,0.000
20231022:0309,0.000
20231022:0409,0.000
20231022:0509,0.000
20231022:0609,0.000
20231022:0709,0.000
20231022:0809,57.550
20231022:0909,36.000
20231022:1009,170.680
20231022:1109,157.250
20231022:1209,362.420
20231022:1309,252.060
20231022:1409,302.810
20231022:1509,255.660
20231022:1609,197.340
20231022:1709,105.170
20231022:1809,0.000
20231022:1909,0.000
20231022:2009,0.000
20231022:2109,0.000
20231022:2209,0.000
20231022:2309,0.000
20231023:0009,0.000
20231023:0109,0.000
20231023:0209,0.000
20231023:0309,0.000
20231023:0409,0.000
20231023:0509,0.000
20231023:0609,0.000
20231023:0709,0.000
20231023:0809,50.750
20231023:0909,228.580
20231023:1009,261.650
20231023:1109,251.330
20231023:1209,253.640
20231023:1309,430.730
20231023:1409,425.560
20231023:1509,368.910
20231023:1609,244.770
20231023:1709,147.950
20231023:1809,1.110
20231023:1909,0.000
20231023:2009,0.000
20231023:2109,0.000
20231023:2209,0.000
20231023:2309,0.000
20231024:0009,0.000
20231024:0109,0.000
20231024:0209,0.000
20231024:0309,0.000
20231024:0409,0.000
20231024:0509,0.000
20231024:0609,0.000
20231024:0709,0.000
20231024:0809,81.010
20231024:0909,243.190
20231024:1009,349.640
20231024:1109,332.470
20231024:1209,463.100
20231024:1309,441.980
20231024:1409,292.250
20231024:1509,248.490
20231024:1609,167.660
20231024:1709,88.600
20231024:1809,0.000
20231024:1909,0.000
20231024:2009,0.000
20231024:2109,0.000
20231024:2209,0.000
20231024:2309,0.000
20231025:0009,0.000
20231025:0109,0.000
20231025:0209,0.000
20231025:0309,0.000
20231025:0409,0.000
20231025:0509,0.000
20231025:0609,0.000
20231025:0709,0.000
20231025:0809,33.780
20231025:0909,236.500
20231025:1009,255.220
20231025:1109,326.380
20231025:1209,465.290
20231025:1309,465.560
20231025:1409,428.740
20231025:1509,335.760
20231025:1609,197.180
20231025:1709,74.270
20231025:1809,0.590
20231025:1909,0.000
20231025:2009,0.000
20231025:2109,0.000
20231025:2209,0.000
20231025:2309,0.000
20231026:0009,0.000
20231026:0109,0.000
20231026:0209,0.000
20231026:0309,0.000
20231026:0409,0.000
20231026:0509,0.000
20231026:0609,0.000
20231026:0709,0.000
20231026:0809,47.130
20231026:0909,93.350
20231026:1009,158.290
20231026:1109,134.590
20231026:1209,260.980
20231026:1309,245.800
20231026:1409,371.790
20231026:1509,303.080
20231026:1609,205.700
20231026:1709,133.580
20231026:1809,0.590
20231026:1909,0.000
20231026:2009,0.000
20231026:2109,0.000
20231026:2209,0.000
20231026:2309,0.000
20231027:0009,0.000
20231027:0109,0.000
20231027:0209,0.000
20231027:0309,0.000
20231027:0409,0.000
20231027:0509,0.000
20231027:0609,0.000
20231027:0709,0.000
20231027:0809,56.320
20231027:0909,34.540
20231027:1009,206.060
20231027:1109,321.920
20231027:1209,247.080
20231027:1309,420.520
20231027:1409,166.530
20231027:1509,196.660
20231027:1609,167.660
20231027:1709,117.700
20231027:1809,0.150
20231027:1909,0.000
20231027:2009,0.000
20231027:2109,0.000
20231027:2209,0.000
20231027:2309,0.000
20231028:0009,0.000
20231028:0109,0.000
20231028:0209,0.000
20231028:0309,0.000
20231028:0409,0.000
20231028:0509,0.000
20231028:0609,0.000
20231028:0709,0.000
20231028:0809,103.960
20231028:0909,234.540
20231028:1009,294.210
20231028:1109,330.910
20231028:1209,328.790
20231028:1309,269.470
20231028:1409,160.280
20231028:1509,100.930
20231028:1609,88.400
20231028:1709,44.180
20231028:1809,0.000
20231028:1909,0.000
20231028:2009,0.000
20231028:2109,0.000
20231028:2209,0.000
20231028:2309,0.000
20231029:0009,0.000
20231029:0109,0.000
20231029:0209,0.000
20231029:0309,0.000
20231029:0409,0.000
20231029:0509,0.000
20231029:0609,0.000
20231029:0709,0.000
20231029:0809,101.820
20231029:0909,242.750
20231029:1009,309.560
20231029:1109,332.710
20231029:1209,365.320
20231029:1309,207.930
20231029:1409,343.420
20231029:1509,144.010
20231029:1609,144.440
20231029:1709,110.120
20231029:1809,0.000
20231029:1909,0.000
20231029:2009,0.000
20231029:2109,0.000
20231029:2209,0.000
20231029:2309,0.000
20231030:0009,0.000
20231030:0109,0.000
20231030:0209,0.000
20231030:0309,0.000
20231030:0409,0.000
20231030:0509,0.000
20231030:0609,0.000
20231030:0709,0.000
20231030:0809,83.070
20231030:0909,237.700
20231030:1009,339.850
20231030:1109,405.820
20231030:1209,451.730
20231030:1309,464.020
20231030:1409,405.150
20231030:1509,356.300
20231030:1609,219.190
20231030:1709,44.720
20231030:1809,0.000
20231030:1909,0.000
20231030:2009,0.000
20231030:2109,0.000
20231030:2209,0.000
20231030:2309,0.000
20231031:0009,0.000
20231031:0109,0.000
20231031:0209,0.000
20231031:0309,0.000
20231031:0409,0.000
20231031:0509,0.000
20231031:0609,0.000
20231031:0709,0.000
20231031:0809,97.330
20231031:0909,245.780
20231031:1009,335.690
20231031:1109,402.310
20231031:1209,438.330
20231031:1309,396.310
20231031:1409,311.420
20231031:1509,234.020
20231031:1609,239.420
20231031:1709,104.950
20231031:1809,0.000
20231031:1909,0.000
20231031:2009,0.000
20231031:2109,0.000
20231031:2209,0.000
20231031:2309,0.000
20231101:0009,0.000
20231101:0109,0.000
20231101:0209,0.000
20231101:0309,0.000
20231101:0409,0.000
20231101:0509,0.000
20231101:0609,0.000
20231101:0709,0.000
20231101:0809,52.230
20231101:0909,210.370
20231101:1009,262.090
20231101:1109,353.610
20231101:1209,294.010
20231101:1309,457.330
20231101:1409,432.860
20231101:1509,297.520
20231101:1609,253.040
20231101:1709,92.050
20231101:1809,0.000
20231101:1909,0.000
20231101:2009,0.000
20231101:2109,0.000
20231101:2209,0.000
20231101:2309,0.000
20231102:0009,0.000
20231102:0109,0.000
20231102:0209,0.000
20231102:0309,0.000
20231102:0409,0.000
20231102:0509,0.000
20231102:0609,0.000
20231102:0709,0.000
20231102:0809,75.270
20231102:0909,70.640
20231102:1009,276.680
20231102:1109,402.700
20231102:1209,437.930
20231102:1309,367.940
20231102:1409,296.870
20231102:1509,311.300
20231102:1609,62.030
20231102:1709,50.660
20231102:1809,0.000
20231102:1909,0.000
20231102:2009,0.000
20231102:2109,0.000
20231102:2209,0.000
20231102:2309,0.000
20231103:0009,0.000
20231103:0109,0.000
20231103:0209,0.000
20231103:0309,0.000
20231103:0409,0.000
20231103:0509,0.000
20231103:0609,0.000
20231103:0709,0.000
20231103:0809,41.840
20231103:0909,57.350
20231103:1009,221.530
20231103:1109,189.440
20231103:1209,242.570
20231103:1309,159.750
20231103:1409,38.490
20231103:1509,68.000
20231103:1609,101.740
20231103:1709,65.770
20231103:1809,0.000
20231103:1909,0.000
20231103:2009,0.000
20231103:2109,0.000
20231103:2209,0.000
20231103:2309,0.000
20231104:0009,0.000
20231104:0109,0.000
20231104:0209,0.000
20231104:0309,0.000
20231104:0409,0.000
20231104:0509,0.000
20231104:0609,0.000
20231104:0709,0.000
20231104:0809,25.730
20231104:0909,144.730
20231104:1009,163.770
20231104:1109,339.370
20231104:1209,185.960
20231104:1309,276.370
20231104:1409,354.620
20231104:1509,313.190
20231104:1609,114.590
20231104:1709,76.370
20231104:1809,0.000
20231104:1909,0.000
20231104:2009,0.000
20231104:2109,0.000
20231104:2209,0.000
20231104:2309,0.000
20231105:0009,0.000
20231105:0109,0.000
20231105:0209,0.000
20231105:0309,0.000
20231105:0409,0.000
20231105:0509,0.000
20231105:0609,0.000
20231105:0709,0.000
20231105:0809,80.720
20231105:0909,218.020
20231105:1009,281.050
20231105:1109,402.440
20231105:1209,390.940
20231105:1309,462.640
20231105:1409,416.330
20231105:1509,370.500
20231105:1609,270.400
20231105:1709,79.860
20231105:1809,0.000
20231105:1909,0.000
20231105:2009,0.000
20231105:2109,0.000
20231105:2209,0.000
20231105:2309,0.000
20231106:0009,0.000
20231106:0109,0.000
20231106:0209,0.000
20231106:0309,0.000
20231106:0409,0.000
20231106:0509,0.000
20231106:0609,0.000
20231106:0709,0.000
20231106:0809,19.880
20231106:0909,43.860
20231106:1009,131.590
20231106:1109,389.760
20231106:1209,480.330
20231106:1309,404.650
20231106:1409,152.320
20231106:1509,307.870
20231106:1609,224.810
20231106:1709,118.090
20231106:1809,0.000
20231106:1909,0.000
20231106:2009,0.000
20231106:2109,0.000
20231106:2209,0.000
20231106:2309,0.000
20231107:0009,0.000
20231107:0109,0.000
20231107:0209,0.000
20231107:0309,0.000
20231107:0409,0.000
20231107:0509,0.000
20231107:0609,0.000
20231107:0709,0.000
20231107:0809,46.800
20231107:0909,112.710
20231107:1009,341.730
20231107:1109,201.920
20231107:1209,233.710
20231107:1309,57.220
20231107:1409,121.000
20231107:1509,140.920
20231107:1609,265.350
20231107:1709,124.930
20231107:1809,0.000
20231107:1909,0.000
20231107:2009,0.000
20231107:2109,0.000
20231107:2209,0.000
20231107:2309,0.000
20231108:0009,0.000
20231108:0109,0.000
20231108:0209,0.000
20231108:0309,0.000
20231108:0409,0.000
20231108:0509,0.000
20231108:0609,0.000
20231108:0709,0.000
20231108:0809,41.240
20231108:0909,56.200
20231108:1009,291.910
20231108:1109,399.920
20231108:1209,414.850
20231108:1309,443.460
20231108:1409,358.420
20231108:1509,312.020
20231108:1609,199.100
20231108:1709,88.840
20231108:1809,0.000
20231108:1909,0.000
20231108:2009,0.000
20231108:2109,0.000
20231108:2209,0.000
20231108:2309,0.000
20231109:0009,0.000
20231109:0109,0.000
20231109:0209,0.000
20231109:0309,0.000
20231109:0409,0.000
20231109:0509,0.000
20231109:0609,0.000
20231109:0709,0.000
20231109:0809,66.290
20231109:0909,121.660
20231109:1009,330.040
20231109:1109,365.780
20231109:1209,328.910
20231109:1309,352.700
20231109:1409,348.250
20231109:1509,292.480
20231109:1609,211.290
20231109:1709,79.390
20231109:1809,0.000
20231109:1909,0.000
20231109:2009,0.000
20231109:2109,0.000
20231109:2209,0.000
20231109:2309,0.000
20231110:0009,0.000
20231110:0109,0.000
20231110:0209,0.000
20231110:0309,0.000
20231110:0409,0.000
20231110:0509,0.000
20231110:0609,0.000
20231110:0709,0.000
20231110:0809,88.380
20231110:0909,219.980
20231110:1009,340.170
20231110:1109,425.120
20231110:1209,461.680
20231110:1309,470.770
20231110:1409,433.570
20231110:1509,365.850
20231110:1609,261.970
20231110:1709,111.320
20231110:1809,0.000
20231110:1909,0.000
20231110:2009,0.000
20231110:2109,0.000
20231110:2209,0.000
20231110:2309,0.000
20231111:0009,0.000
20231111:0109,0.000
20231111:0209,0.000
20231111:0309,0.000
20231111:0409,0.000
20231111:0509,0.000
20231111:0609,0.000
20231111:0709,0.000
20231111:0809,15.000
20231111:0909,75.410
20231111:1009,134.510
20231111:1109,217.600
20231111:1209,254.290
20231111:1309,438.320
20231111:1409,388.510
20231111:1509,291.160
20231111:1609,195.250
20231111:1709,53.010
20231111:1809,0.000
20231111:1909,0.000
20231111:2009,0.000
20231111:2109,0.000
20231111:2209,0.000
20231111:2309,0.000
20231112:0009,0.000
20231112:0109,0.000
20231112:0209,0.000
20231112:0309,0.000
20231112:0409,0.000
20231112:0509,0.000
20231112:0609,0.000
20231112:0709,0.000
20231112:0809,37.040
20231112:0909,78.360
20231112:1009,308.640
20231112:1109,259.410
20231112:1209,436.760
20231112:1309,457.040
20231112:1409,422.780
20231112:1509,349.100
20231112:1609,252.220
20231112:1709,26.120
20231112:1809,0.000
20231112:1909,0.000
20231112:2009,0.000
20231112:2109,0.000
20231112:2209,0.000
20231112:2309,0.000
20231113:0009,0.000
20231113:0109,0.000
20231113:0209,0.000
20231113:0309,0.000
20231113:0409,0.000
20231113:0509,0.000
20231113:0609,0.000
20231113:0709,0.000
20231113:0809,86.330
20231113:0909,228.060
20231113:1009,334.600
20231113:1109,419.270
20231113:1209,456.610
20231113:1309,458.110
20231113:1409,428.120
20231113:1509,362.680
20231113:1609,260.980
20231113:1709,122.570
20231113:1809,0.000
20231113:1909,0.000
20231113:2009,0.000
20231113:2109,0.000
20231113:2209,0.000
20231113:2309,0.000
20231114:0009,0.000
20231114:0109,0.000
20231114:0209,0.000
20231114:0309,0.000
20231114:0409,0.000
20231114:0509,0.000
20231114:0609,0.000
20231114:0709,0.000
20231114:0809,61.690
20231114:0909,221.540
20231114:1009,349.820
20231114:1109,409.560
20231114:1209,406.310
20231114:1309,434.350
20231114:1409,235.160
20231114:1509,200.560
20231114:1609,221.940
20231114:1709,105.340
20231114:1809,0.000
20231114:1909,0.000
20231114:2009,0.000
20231114:2109,0.000
20231114:2209,0.000
20231114:2309,0.000
20231115:0009,0.000
20231115:0109,0.000
20231115:0209,0.000
20231115:0309,0.000
20231115:0409,0.000
20231115:0509,0.000
20231115:0609,0.000
20231115:0709,0.000
20231115:0809,75.950
20231115:0909,215.380
20231115:1009,321.910
20231115:1109,397.540
20231115:1209,433.990
20231115:1309,438.100
20231115:1409,404.700
20231115:1509,341.560
20231115:1609,243.210
20231115:1709,105.070
20231115:1809,0.000
20231115:1909,0.000
20231115:2009,0.000
20231115:2109,0.000
20231115:2209,0.000
20231115:2309,0.000
20231116:0009,0.000
20231116:0109,0.000
20231116:0209,0.000
20231116:0309,0.000
20231116:0409,0.000
20231116:0509,0.000
20231116:0609,0.000
20231116:0709,0.000
20231116:0809,80.960
20231116:0909,219.320
20231116:1009,331.340
20231116:1109,413.010
20231116:1209,449.050
20231116:1309,456.330
20231116:1409,423.690
20231116:1509,373.090
20231116:1609,253.060
20231116:1709,118.900
20231116:1809,0.000
20231116:1909,0.000
20231116:2009,0.000
20231116:2109,0.000
20231116:2209,0.000
20231116:2309,0.000
20231117:0009,0.000
20231117:0109,0.000
20231117:0209,0.000
20231117:0309,0.000
20231117:0409,0.000
20231117:0509,0.000
20231117:0609,0.000
20231117:0709,0.000
20231117:0809,81.450
20231117:0909,218.270
20231117:1009,335.140
20231117:1109,418.920
20231117:1209,455.110
20231117:1309,456.250
20231117:1409,428.440
20231117:1509,360.710
20231117:1609,260.480
20231117:1709,122.990
20231117:1809,0.000
20231117:1909,0.000
20231117:2009,0.000
20231117:2109,0.000
20231117:2209,0.000
20231117:2309,0.000
20231118:0009,0.000
20231118:0109,0.000
20231118:0209,0.000
20231118:0309,0.000
20231118:0409,0.000
20231118:0509,0.000
20231118:0609,0.000
20231118:0709,0.000
20231118:0809,77.930
20231118:0909,222.170
20231118:1009,332.260
20231118:1109,410.100
20231118:1209,449.670
20231118:1309,453.020
20231118:1409,422.690
20231118:1509,355.850
20231118:1609,256.760
20231118:1709,121.470
20231118:1809,0.000
20231118:1909,0.000
20231118:2009,0.000
20231118:2109,0.000
20231118:2209,0.000
20231118:2309,0.000
20231119:0009,0.000
20231119:0109,0.000
20231119:0209,0.000
20231119:0309,0.000
20231119:0409,0.000
20231119:0509,0.000
20231119:0609,0.000
20231119:0709,0.000
20231119:0809,79.470
20231119:0909,222.010
20231119:1009,325.830
20231119:1109,400.920
20231119:1209,440.100
20231119:1309,447.220
20231119:1409,419.110
20231119:1509,348.870
20231119:1609,254.560
20231119:1709,120.650
20231119:1809,0.000
20231119:1909,0.000
20231119:2009,0.000
20231119:2109,0.000
20231119:2209,0.000
20231119:2309,0.000
20231120:0009,0.000
20231120:0109,0.000
20231120:0209,0.000
20231120:0309,0.000
20231120:0409,0.000
20231120:0509,0.000
20231120:0609,0.000
20231120:0709,0.000
20231120:0809,73.600
20231120:0909,199.200
20231120:1009,336.420
20231120:1109,397.590
20231120:1209,439.680
20231120:1309,446.410
20231120:1409,416.350
20231120:1509,332.810
20231120:1609,211.770
20231120:1709,66.070
20231120:1809,0.000
20231120:1909,0.000
20231120:2009,0.000
20231120:2109,0.000
20231120:2209,0.000
20231120:2309,0.000
20231121:0009,0.000
20231121:0109,0.000
20231121:0209,0.000
20231121:0309,0.000
20231121:0409,0.000
20231121:0509,0.000
20231121:0609,0.000
20231121:0709,0.000
20231121:0809,14.280
20231121:0909,78.460
20231121:1009,137.480
20231121:1109,137.460
20231121:1209,88.060
20231121:1309,127.450
20231121:1409,141.520
20231121:1509,118.920
20231121:1609,49.030
20231121:1709,38.000
20231121:1809,0.000
20231121:1909,0.000
20231121:2009,0.000
20231121:2109,0.000
20231121:2209,0.000
20231121:2309,0.000
20231122:0009,0.000
20231122:0109,0.000
20231122:0209,0.000
20231122:0309,0.000
20231122:0409,0.000
20231122:0509,0.000
20231122:0609,0.000
20231122:0709,0.000
20231122:0809,80.500
20231122:0909,175.540
20231122:1009,197.650
20231122:1109,281.690
20231122:1209,408.590
20231122:1309,448.680
20231122:1409,415.080
20231122:1509,340.030
20231122:1609,250.750
20231122:1709,115.510
20231122:1809,0.000
20231122:1909,0.000
20231122:2009,0.000
20231122:2109,0.000
20231122:2209,0.000
20231122:2309,0.000
20231123:0009,0.000
20231123:0109,0.000
20231123:0209,0.000
20231123:0309,0.000
20231123:0409,0.000
20231123:0509,0.000
20231123:0609,0.000
20231123:0709,0.000
20231123:0809,65.830
20231123:0909,210.530
20231123:1009,320.620
20231123:1109,399.880
20231123:1209,438.480
20231123:1309,440.420
20231123:1409,413.750
20231123:1509,347.560
20231123:1609,247.790
20231123:1709,115.000
20231123:1809,0.000
20231123:1909,0.000
20231123:2009,0.000
20231123:2109,0.000
20231123:2209,0.000
20231123:2309,0.000
20231124:0009,0.000
20231124:0109,0.000
20231124:0209,0.000
20231124:0309,0.000
20231124:0409,0.000
20231124:0509,0.000
20231124:0609,0.000
20231124:0709,0.000
20231124:0809,12.770
20231124:0909,222.160
20231124:1009,218.100
20231124:1109,301.550
20231124:1209,301.310
20231124:1309,305.340
20231124:1409,355.290
20231124:1509,300.030
20231124:1609,100.430
20231124:1709,31.750
20231124:1809,0.000
20231124:1909,0.000
20231124:2009,0.000
20231124:2109,0.000
20231124:2209,0.000
20231124:2309,0.000
20231125:0009,0.000
20231125:0109,0.000
20231125:0209,0.000
20231125:0309,0.000
20231125:0409,0.000
20231125:0509,0.000
20231125:0609,0.000
20231125:0709,0.000
20231125:0809,8.370
20231125:0909,64.690
20231125:1009,214.570
20231125:1109,153.340
20231125:1209,225.250
20231125:1309,278.220
20231125:1409,297.700
20231125:1509,356.840
20231125:1609,229.130
20231125:1709,73.400
20231125:1809,0.000
20231125:1909,0.000
20231125:2009,0.000
20231125:2109,0.000
20231125:2209,0.000
20231125:2309,0.000
20231126:0009,0.000
20231126:0109,0.000
20231126:0209,0.000
20231126:0309,0.000
20231126:0409,0.000
20231126:0509,0.000
20231126:0609,0.000
20231126:0709,0.000
20231126:0809,9.950
20231126:0909,44.480
20231126:1009,322.430
20231126:1109,337.390
20231126:1209,419.080
20231126:1309,444.000
20231126:1409,417.470
20231126:1509,345.460
20231126:1609,240.710
20231126:1709,122.350
20231126:1809,0.000
20231126:1909,0.000
20231126:2009,0.000
20231126:2109,0.000
20231126:2209,0.000
20231126:2309,0.000
20231127:0009,0.000
20231127:0109,0.000
20231127:0209,0.000
20231127:0309,0.000
20231127:0409,0.000
20231127:0509,0.000
20231127:0609,0.000
20231127:0709,0.000
20231127:0809,64.130
20231127:0909,111.480
20231127:1009,103.090
20231127:1109,298.960
20231127:1209,265.140
20231127:1309,168.570
20231127:1409,123.460
20231127:1509,120.680
20231127:1609,158.150
20231127:1709,113.590
20231127:1809,0.000
20231127:1909,0.000
20231127:2009,0.000
20231127:2109,0.000
20231127:2209,0.000
20231127:2309,0.000
20231128:0009,0.000
20231128:0109,0.000
20231128:0209,0.000
20231128:0309,0.000
20231128:0409,0.000
20231128:0509,0.000
20231128:0609,0.000
20231128:0709,0.000
20231128:0809,65.870
20231128:0909,200.740
20231128:1009,312.550
20231128:1109,395.780
20231128:1209,429.340
20231128:1309,396.490
20231128:1409,352.300
20231128:1509,165.380
20231128:1609,127.280
20231128:1709,113.640
20231128:1809,0.000
20231128:1909,0.000
20231128:2009,0.000
20231128:2109,0.000
20231128:2209,0.000
20231128:2309,0.000
20231129:0009,0.000
20231129:0109,0.000
20231129:0209,0.000
20231129:0309,0.000
20231129:0409,0.000
20231129:0509,0.000
20231129:0609,0.000
20231129:0709,0.000
20231129:0809,61.940
20231129:0909,198.580
20231129:1009,312.370
20231129:1109,384.620
20231129:1209,433.960
20231129:1309,432.170
20231129:1409,407.900
20231129:1509,350.060
20231129:1609,229.070
20231129:1709,120.100
20231129:1809,0.000
20231129:1909,0.000
20231129:2009,0.000
20231129:2109,0.000
20231129:2209,0.000
20231129:2309,0.000
20231130:0009,0.000
20231130:0109,0.000
20231130:0209,0.000
20231130:0309,0.000
20231130:0409,0.000
20231130:0509,0.000
20231130:0609,0.000
20231130:0709,0.000
20231130:0809,6.770
20231130:0909,221.740
20231130:1009,317.070
20231130:1109,403.230
20231130:1209,439.390
20231130:1309,448.460
20231130:1409,416.420
20231130:1509,348.820
20231130:1609,260.570
20231130:1709,125.000
20231130:1809,0.000
20231130:1909,0.000
20231130:2009,0.000
20231130:2109,0.000
20231130:2209,0.000
20231130:2309,0.000
20231201:0009,0.000
20231201:0109,0.000
20231201:0209,0.000
20231201:0309,0.000
20231201:0409,0.000
20231201:0509,0.000
20231201:0609,0.000
20231201:0709,0.000
20231201:0809,24.630
20231201:0909,215.350
20231201:1009,323.850
20231201:1109,396.240
20231201:1209,421.480
20231201:1309,401.410
20231201:1409,106.540
20231201:1509,266.810
20231201:1609,85.010
20231201:1709,53.540
20231201:1809,0.000
20231201:1909,0.000
20231201:2009,0.000
20231201:2109,0.000
20231201:2209,0.000
20231201:2309,0.000
20231202:0009,0.000
20231202:0109,0.000
20231202:0209,0.000
20231202:0309,0.000
20231202:0409,0.000
20231202:0509,0.000
20231202:0609,0.000
20231202:0709,0.000
20231202:0809,21.560
20231202:0909,38.870
20231202:1009,136.760
20231202:1109,264.240
20231202:1209,186.100
20231202:1309,133.120
20231202:1409,64.640
20231202:1509,185.870
20231202:1609,130.250
20231202:1709,42.180
20231202:1809,0.000
20231202:1909,0.000
20231202:2009,0.000
20231202:2109,0.000
20231202:2209,0.000
20231202:2309,0.000
20231203:0009,0.000
20231203:0109,0.000
20231203:0209,0.000
20231203:0309,0.000
20231203:0409,0.000
20231203:0509,0.000
20231203:0609,0.000
20231203:0709,0.000
20231203:0809,37.630
20231203:0909,130.900
20231203:1009,270.080
20231203:1109,381.320
20231203:1209,393.960
20231203:1309,412.490
20231203:1409,374.960
20231203:1509,333.230
20231203:1609,186.500
20231203:1709,52.430
20231203:1809,0.000
20231203:1909,0.000
20231203:2009,0.000
20231203:2109,0.000
20231203:2209,0.000
20231203:2309,0.000
20231204:0009,0.000
20231204:0109,0.000
20231204:0209,0.000
20231204:0309,0.000
20231204:0409,0.000
20231204:0509,0.000
20231204:0609,0.000
20231204:0709,0.000
20231204:0809,7.320
20231204:0909,42.510
20231204:1009,59.450
20231204:1109,101.290
20231204:1209,147.480
20231204:1309,306.910
20231204:1409,182.290
20231204:1509,130.090
20231204:1609,90.740
20231204:1709,20.430
20231204:1809,0.000
20231204:1909,0.000
20231204:2009,0.000
20231204:2109,0.000
20231204:2209,0.000
20231204:2309,0.000
20231205:0009,0.000
20231205:0109,0.000
20231205:0209,0.000
20231205:0309,0.000
20231205:0409,0.000
20231205:0509,0.000
20231205:0609,0.000
20231205:0709,0.000
20231205:0809,9.530
20231205:0909,78.680
20231205:1009,32.000
20231205:1109,55.350
20231205:1209,96.890
20231205:1309,108.560
20231205:1409,192.230
20231205:1509,101.620
20231205:1609,134.330
20231205:1709,8.620
20231205:1809,0.000
20231205:1909,0.000
20231205:2009,0.000
20231205:2109,0.000
20231205:2209,0.000
20231205:2309,0.000
20231206:0009,0.000
20231206:0109,0.000
20231206:0209,0.000
20231206:0309,0.000
20231206:0409,0.000
20231206:0509,0.000
20231206:0609,0.000
20231206:0709,0.000
20231206:0809,33.870
20231206:0909,106.060
20231206:1009,109.430
20231206:1109,130.050
20231206:1209,263.310
20231206:1309,202.160
20231206:1409,141.100
20231206:1509,135.980
20231206:1609,89.330
20231206:1709,85.440
20231206:1809,0.000
20231206:1909,0.000
20231206:2009,0.000
20231206:2109,0.000
20231206:2209,0.000
20231206:2309,0.000
20231207:0009,0.000
20231207:0109,0.000
20231207:0209,0.000
20231207:0309,0.000
20231207:0409,0.000
20231207:0509,0.000
20231207:0609,0.000
20231207:0709,0.000
20231207:0809,2.460
20231207:0909,195.850
20231207:1009,64.930
20231207:1109,238.120
20231207:1209,260.720
20231207:1309,93.990
20231207:1409,346.310
20231207:1509,310.680
20231207:1609,116.220
20231207:1709,45.000
20231207:1809,0.000
20231207:1909,0.000
20231207:2009,0.000
20231207:2109,0.000
20231207:2209,0.000
20231207:2309,0.000
20231208:0009,0.000
20231208:0109,0.000
20231208:0209,0.000
20231208:0309,0.000
20231208:0409,0.000
20231208:0509,0.000
20231208:0609,0.000
20231208:0709,0.000
20231208:0809,14.620
20231208:0909,90.250
20231208:1009,160.040
20231208:1109,176.540
20231208:1209,435.410
20231208:1309,410.770
20231208:1409,236.060
20231208:1509,242.920
20231208:1609,161.580
20231208:1709,50.240
20231208:1809,0.000
20231208:1909,0.000
20231208:2009,0.000
20231208:2109,0.000
20231208:2209,0.000
20231208:2309,0.000
20231209:0009,0.000
20231209:0109,0.000
20231209:0209,0.000
20231209:0309,0.000
20231209:0409,0.000
20231209:0509,0.000
20231209:0609,0.000
20231209:0709,0.000
20231209:0809,37.550
20231209:0909,192.380
20231209:1009,308.600
20231209:1109,401.760
20231209:1209,442.040
20231209:1309,452.890
20231209:1409,423.590
20231209:1509,358.490
20231209:1609,258.610
20231209:1709,91.530
20231209:1809,0.000
20231209:1909,0.000
20231209:2009,0.000
20231209:2109,0.000
20231209:2209,0.000
20231209:2309,0.000
20231210:0009,0.000
20231210:0109,0.000
20231210:0209,0.000
20231210:0309,0.000
20231210:0409,0.000
20231210:0509,0.000
20231210:0609,0.000
20231210:0709,0.000
20231210:0809,43.510
20231210:0909,181.300
20231210:1009,323.450
20231210:1109,387.530
20231210:1209,433.040
20231210:1309,429.450
20231210:1409,379.670
20231210:1509,345.760
20231210:1609,204.580
20231210:1709,82.480
20231210:1809,0.000
20231210:1909,0.000
20231210:2009,0.000
20231210:2109,0.000
20231210:2209,0.000
20231210:2309,0.000
20231211:0009,0.000
20231211:0109,0.000
20231211:0209,0.000
20231211:0309,0.000
20231211:0409,0.000
20231211:0509,0.000
20231211:0609,0.000
20231211:0709,0.000
20231211:0809,22.400
20231211:0909,117.350
20231211:1009,303.670
20231211:1109,405.020
20231211:1209,386.050
20231211:1309,361.410
20231211:1409,402.490
20231211:1509,350.760
20231211:1609,229.750
20231211:1709,89.050
20231211:1809,0.000
20231211:1909,0.000
20231211:2009,0.000
20231211:2109,0.000
20231211:2209,0.000
20231211:2309,0.000
20231212:0009,0.000
20231212:0109,0.000
20231212:0209,0.000
20231212:0309,0.000
20231212:0409,0.000
20231212:0509,0.000
20231212:0609,0.000
20231212:0709,0.000
20231212:0809,29.430
20231212:0909,180.150
20231212:1009,301.780
20231212:1109,389.340
20231212:1209,432.460
20231212:1309,432.060
20231212:1409,387.380
20231212:1509,314.500
20231212:1609,195.670
20231212:1709,70.810
20231212:1809,0.000
20231212:1909,0.000
20231212:2009,0.000
20231212:2109,0.000
20231212:2209,0.000
20231212:2309,0.000
20231213:0009,0.000
20231213:0109,0.000
20231213:0209,0.000
20231213:0309,0.000
20231213:0409,0.000
20231213:0509,0.000
20231213:0609,0.000
20231213:0709,0.000
20231213:0809,20.890
20231213:0909,155.930
20231213:1009,276.110
20231213:1109,368.230
20231213:1209,409.850
20231213:1309,413.690
20231213:1409,375.840
20231213:1509,306.030
20231213:1609,203.480
20231213:1709,91.150
20231213:1809,0.000
20231213:1909,0.000
20231213:2009,0.000
20231213:2109,0.000
20231213:2209,0.000
20231213:2309,0.000
20231214:0009,0.000
20231214:0109,0.000
20231214:0209,0.000
20231214:0309,0.000
20231214:0409,0.000
20231214:0509,0.000
20231214:0609,0.000
20231214:0709,0.000
20231214:0809,0.220
20231214:0909,31.520
20231214:1009,215.240
20231214:1109,351.790
20231214:1209,367.210
20231214:1309,62.970
20231214:1409,174.100
20231214:1509,225.950
20231214:1609,226.790
20231214:1709,140.500
20231214:1809,0.000
20231214:1909,0.000
20231214:2009,0.000
20231214:2109,0.000
20231214:2209,0.000
20231214:2309,0.000
20231215:0009,0.000
20231215:0109,0.000
20231215:0209,0.000
20231215:0309,0.000
20231215:0409,0.000
20231215:0509,0.000
20231215:0609,0.000
20231215:0709,0.000
20231215:0809,7.280
20231215:0909,65.080
20231215:1009,180.890
20231215:1109,256.160
20231215:1209,344.690
20231215:1309,281.260
20231215:1409,268.100
20231215:1509,331.820
20231215:1609,187.160
20231215:1709,132.110
20231215:1809,0.000
20231215:1909,0.000
20231215:2009,0.000
20231215:2109,0.000
20231215:2209,0.000
20231215:2309,0.000
20231216:0009,0.000
20231216:0109,0.000
20231216:0209,0.000
20231216:0309,0.000
20231216:0409,0.000
20231216:0509,0.000
20231216:0609,0.000
20231216:0709,0.000
20231216:0809,4.290
20231216:0909,116.790
20231216:1009,301.610
20231216:1109,394.150
20231216:1209,437.980
20231216:1309,450.960
20231216:1409,417.680
20231216:1509,357.900
20231216:1609,258.400
20231216:1709,121.070
20231216:1809,0.000
20231216:1909,0.000
20231216:2009,0.000
20231216:2109,0.000
20231216:2209,0.000
20231216:2309,0.000
20231217:0009,0.000
20231217:0109,0.000
20231217:0209,0.000
20231217:0309,0.000
20231217:0409,0.000
20231217:0509,0.000
20231217:0609,0.000
20231217:0709,0.000
20231217:0809,4.310
20231217:0909,119.350
20231217:1009,309.800
20231217:1109,394.100
20231217:1209,444.670
20231217:1309,466.960
20231217:1409,426.960
20231217:1509,372.030
20231217:1609,270.940
20231217:1709,134.370
20231217:1809,0.000
20231217:1909,0.000
20231217:2009,0.000
20231217:2109,0.000
20231217:2209,0.000
20231217:2309,0.000
20231218:0009,0.000
20231218:0109,0.000
20231218:0209,0.000
20231218:0309,0.000
20231218:0409,0.000
20231218:0509,0.000
20231218:0609,0.000
20231218:0709,0.000
20231218:0809,3.290
20231218:0909,68.420
20231218:1009,238.880
20231218:1109,387.390
20231218:1209,440.900
20231218:1309,464.290
20231218:1409,428.870
20231218:1509,369.400
20231218:1609,273.090
20231218:1709,138.050
20231218:1809,0.000
20231218:1909,0.000
20231218:2009,0.000
20231218:2109,0.000
20231218:2209,0.000
20231218:2309,0.000
20231219:0009,0.000
20231219:0109,0.000
20231219:0209,0.000
20231219:0309,0.000
20231219:0409,0.000
20231219:0509,0.000
20231219:0609,0.000
20231219:0709,0.000
20231219:0809,3.310
20231219:0909,108.730
20231219:1009,297.850
20231219:1109,361.290
20231219:1209,385.210
20231219:1309,415.120
20231219:1409,312.710
20231219:1509,220.820
20231219:1609,194.640
20231219:1709,124.210
20231219:1809,0.000
20231219:1909,0.000
20231219:2009,0.000
20231219:2109,0.000
20231219:2209,0.000
20231219:2309,0.000
20231220:0009,0.000
20231220:0109,0.000
20231220:0209,0.000
20231220:0309,0.000
20231220:0409,0.000
20231220:0509,0.000
20231220:0609,0.000
20231220:0709,0.000
20231220:0809,1.150
20231220:0909,14.290
20231220:1009,42.440
20231220:1109,317.840
20231220:1209,34.660
20231220:1309,127.420
20231220:1409,99.830
20231220:1509,75.630
20231220:1609,79.610
20231220:1709,42.260
20231220:1809,0.000
20231220:1909,0.000
20231220:2009,0.000
20231220:2109,0.000
20231220:2209,0.000
20231220:2309,0.000
20231221:0009,0.000
20231221:0109,0.000
20231221:0209,0.000
20231221:0309,0.000
20231221:0409,0.000
20231221:0509,0.000
20231221:0609,0.000
20231221:0709,0.000
20231221:0809,2.630
20231221:0909,18.260
20231221:1009,34.370
20231221:1109,47.240
20231221:1209,89.560
20231221:1309,126.160
20231221:1409,254.080
20231221:1509,245.630
20231221:1609,170.260
20231221:1709,55.670
20231221:1809,0.000
20231221:1909,0.000
20231221:2009,0.000
20231221:2109,0.000
20231221:2209,0.000
20231221:2309,0.000
20231222:0009,0.000
20231222:0109,0.000
20231222:0209,0.000
20231222:0309,0.000
20231222:0409,0.000
20231222:0509,0.000
20231222:0609,0.000
20231222:0709,0.000
20231222:0809,0.000
20231222:0909,84.040
20231222:1009,295.250
20231222:1109,319.460
20231222:1209,140.840
20231222:1309,356.970
20231222:1409,397.360
20231222:1509,159.950
20231222:1609,266.320
20231222:1709,148.720
20231222:1809,0.000
20231222:1909,0.000
20231222:2009,0.000
20231222:2109,0.000
20231222:2209,0.000
20231222:2309,0.000
20231223:0009,0.000
20231223:0109,0.000
20231223:0209,0.000
20231223:0309,0.000
20231223:0409,0.000
20231223:0509,0.000
20231223:0609,0.000
20231223:0709,0.000
20231223:0809,2.360
20231223:0909,124.630
20231223:1009,129.280
20231223:1109,73.870
20231223:1209,179.980
20231223:1309,118.930
20231223:1409,56.300
20231223:1509,228.150
20231223:1609,110.770
20231223:1709,145.150
20231223:1809,0.000
20231223:1909,0.000
20231223:2009,0.000
20231223:2109,0.000
20231223:2209,0.000
20231223:2309,0.000
20231224:0009,0.000
20231224:0109,0.000
20231224:0209,0.000
20231224:0309,0.000
20231224:0409,0.000
20231224:0509,0.000
20231224:0609,0.000
20231224:0709,0.000
20231224:0809,2.700
20231224:0909,118.050
20231224:1009,302.380
20231224:1109,381.140
20231224:1209,433.310
20231224:1309,450.090
20231224:1409,429.340
20231224:1509,372.280
20231224:1609,280.220
20231224:1709,138.790
20231224:1809,0.000
20231224:1909,0.000
20231224:2009,0.000
20231224:2109,0.000
20231224:2209,0.000
20231224:2309,0.000
20231225:0009,0.000
20231225:0109,0.000
20231225:0209,0.000
20231225:0309,0.000
20231225:0409,0.000
20231225:0509,0.000
20231225:0609,0.000
20231225:0709,0.000
20231225:0809,2.330
20231225:0909,114.010
20231225:1009,306.080
20231225:1109,360.790
20231225:1209,433.250
20231225:1309,430.150
20231225:1409,433.720
20231225:1509,377.150
20231225:1609,282.940
20231225:1709,137.050
20231225:1809,0.000
20231225:1909,0.000
20231225:2009,0.000
20231225:2109,0.000
20231225:2209,0.000
20231225:2309,0.000
20231226:0009,0.000
20231226:0109,0.000
20231226:0209,0.000
20231226:0309,0.000
20231226:0409,0.000
20231226:0509,0.000
20231226:0609,0.000
20231226:0709,0.000
20231226:0809,2.010
20231226:0909,113.330
20231226:1009,306.520
20231226:1109,388.250
20231226:1209,444.960
20231226:1309,463.120
20231226:1409,409.720
20231226:1509,372.140
20231226:1609,279.640
20231226:1709,142.330
20231226:1809,0.000
20231226:1909,0.000
20231226:2009,0.000
20231226:2109,0.000
20231226:2209,0.000
20231226:2309,0.000
20231227:0009,0.000
20231227:0109,0.000
20231227:0209,0.000
20231227:0309,0.000
20231227:0409,0.000
20231227:0509,0.000
20231227:0609,0.000
20231227:0709,0.000
20231227:0809,2.030
20231227:0909,113.060
20231227:1009,308.490
20231227:1109,394.290
20231227:1209,439.430
20231227:1309,459.810
20231227:1409,444.670
20231227:1509,381.620
20231227:1609,286.430
20231227:1709,159.610
20231227:1809,0.000
20231227:1909,0.000
20231227:2009,0.000
20231227:2109,0.000
20231227:2209,0.000
20231227:2309,0.000
20231228:0009,0.000
20231228:0109,0.000
20231228:0209,0.000
20231228:0309,0.000
20231228:0409,0.000
20231228:0509,0.000
20231228:0609,0.000
20231228:0709,0.000
20231228:0809,1.750
20231228:0909,113.790
20231228:1009,309.340
20231228:1109,376.310
20231228:1209,437.250
20231228:1309,438.350
20231228:1409,430.240
20231228:1509,352.000
20231228:1609,276.670
20231228:1709,142.540
20231228:1809,0.000
20231228:1909,0.000
20231228:2009,0.000
20231228:2109,0.000
20231228:2209,0.000
20231228:2309,0.000
20231229:0009,0.000
20231229:0109,0.000
20231229:0209,0.000
20231229:0309,0.000
20231229:0409,0.000
20231229:0509,0.000
20231229:0609,0.000
20231229:0709,0.000
20231229:0809,1.420
20231229:0909,104.050
20231229:1009,290.200
20231229:1109,368.920
20231229:1209,418.610
20231229:1309,442.210
20231229:1409,422.830
20231229:1509,368.260
20231229:1609,274.960
20231229:1709,141.310
20231229:1809,0.000
20231229:1909,0.000
20231229:2009,0.000
20231229:2109,0.000
20231229:2209,0.000
20231229:2309,0.000
20231230:0009,0.000
20231230:0109,0.000
20231230:0209,0.000
20231230:0309,0.000
20231230:0409,0.000
20231230:0509,0.000
20231230:0609,0.000
20231230:0709,0.000
20231230:0809,1.440
20231230:0909,164.470
20231230:1009,283.900
20231230:1109,367.000
20231230:1209,411.730
20231230:1309,431.090
20231230:1409,421.750
20231230:1509,363.920
20231230:1609,273.120
20231230:1709,142.510
20231230:1809,0.000
20231230:1909,0.000
20231230:2009,0.000
20231230:2109,0.000
20231230:2209,0.000
20231230:2309,0.000
20231231:0009,0.000
20231231:0109,0.000
20231231:0209,0.000
20231231:0309,0.000
20231231:0409,0.000
20231231:0509,0.000
20231231:0609,0.000
20231231:0709,0.000
20231231:0809,0.890
20231231:0909,163.710
20231231:1009,287.450
20231231:1109,369.420
20231231:1209,410.200
20231231:1309,430.990
20231231:1409,414.950
20231231:1509,360.170
20231231:1609,271.080
20231231:1709,135.080
20231231:1809,0.000
20231231:1909,0.000
20231231:2009,0.000
20231231:2109,0.000
20231231:2209,0.000
20231231:2309,0.000
